particle	component	position_label	corruption_mode	target_type	eval_mode	top_k	site_set_type	effect_score_mean	effect_score_ci_low	effect_score_ci_high	run_label	run_label_pretty	run_dir
just	attn	prompt_boundary	prompt_without	generated	necessity	1	localized	0.0007080313319477			full	Full	/datastor1/jiahuikchen/Just_LLMs/localization/results/component_patch_runs/20260608_1757_Meta-Llama-3-8B_just_only_prompt_boundary_full/just
just	attn	prompt_boundary	prompt_without	generated	necessity	1	random_mean	0.0003366406055915			full	Full	/datastor1/jiahuikchen/Just_LLMs/localization/results/component_patch_runs/20260608_1757_Meta-Llama-3-8B_just_only_prompt_boundary_full/just
just	attn	prompt_boundary	prompt_without	generated	necessity	3	localized	0.0046167894064528			full	Full	/datastor1/jiahuikchen/Just_LLMs/localization/results/component_patch_runs/20260608_1757_Meta-Llama-3-8B_just_only_prompt_boundary_full/just
just	attn	prompt_boundary	prompt_without	generated	necessity	3	random_mean	0.0017493066910263			full	Full	/datastor1/jiahuikchen/Just_LLMs/localization/results/component_patch_runs/20260608_1757_Meta-Llama-3-8B_just_only_prompt_boundary_full/just
just	attn	prompt_boundary	prompt_without	generated	necessity	5	localized	0.0069637915398828			full	Full	/datastor1/jiahuikchen/Just_LLMs/localization/results/component_patch_runs/20260608_1757_Meta-Llama-3-8B_just_only_prompt_boundary_full/just
just	attn	prompt_boundary	prompt_without	generated	necessity	5	random_mean	0.0021914932322736			full	Full	/datastor1/jiahuikchen/Just_LLMs/localization/results/component_patch_runs/20260608_1757_Meta-Llama-3-8B_just_only_prompt_boundary_full/just
just	attn	prompt_boundary	prompt_without	generated	necessity	10	localized	0.0130136747005369			full	Full	/datastor1/jiahuikchen/Just_LLMs/localization/results/component_patch_runs/20260608_1757_Meta-Llama-3-8B_just_only_prompt_boundary_full/just
just	attn	prompt_boundary	prompt_without	generated	necessity	10	random_mean	0.0039324467500531			full	Full	/datastor1/jiahuikchen/Just_LLMs/localization/results/component_patch_runs/20260608_1757_Meta-Llama-3-8B_just_only_prompt_boundary_full/just
just	attn	prompt_boundary	prompt_without	gold	necessity	1	localized	-0.0007141059481905			full	Full	/datastor1/jiahuikchen/Just_LLMs/localization/results/component_patch_runs/20260608_1757_Meta-Llama-3-8B_just_only_prompt_boundary_full/just
just	attn	prompt_boundary	prompt_without	gold	necessity	1	random_mean	0.0001149586516352			full	Full	/datastor1/jiahuikchen/Just_LLMs/localization/results/component_patch_runs/20260608_1757_Meta-Llama-3-8B_just_only_prompt_boundary_full/just
just	attn	prompt_boundary	prompt_without	gold	necessity	3	localized	0.0006378782773172			full	Full	/datastor1/jiahuikchen/Just_LLMs/localization/results/component_patch_runs/20260608_1757_Meta-Llama-3-8B_just_only_prompt_boundary_full/just
just	attn	prompt_boundary	prompt_without	gold	necessity	3	random_mean	0.0013310304855295			full	Full	/datastor1/jiahuikchen/Just_LLMs/localization/results/component_patch_runs/20260608_1757_Meta-Llama-3-8B_just_only_prompt_boundary_full/just
just	attn	prompt_boundary	prompt_without	gold	necessity	5	localized	9.732888134315497e-05			full	Full	/datastor1/jiahuikchen/Just_LLMs/localization/results/component_patch_runs/20260608_1757_Meta-Llama-3-8B_just_only_prompt_boundary_full/just
just	attn	prompt_boundary	prompt_without	gold	necessity	5	random_mean	0.0022040492307294			full	Full	/datastor1/jiahuikchen/Just_LLMs/localization/results/component_patch_runs/20260608_1757_Meta-Llama-3-8B_just_only_prompt_boundary_full/just
just	attn	prompt_boundary	prompt_without	gold	necessity	10	localized	0.0003323884439692			full	Full	/datastor1/jiahuikchen/Just_LLMs/localization/results/component_patch_runs/20260608_1757_Meta-Llama-3-8B_just_only_prompt_boundary_full/just
just	attn	prompt_boundary	prompt_without	gold	necessity	10	random_mean	0.0038497546263371			full	Full	/datastor1/jiahuikchen/Just_LLMs/localization/results/component_patch_runs/20260608_1757_Meta-Llama-3-8B_just_only_prompt_boundary_full/just
just	attn	prompt_boundary	prompt_without	generated	sufficiency	1	localized	0.0007683883671188			full	Full	/datastor1/jiahuikchen/Just_LLMs/localization/results/component_patch_runs/20260608_1757_Meta-Llama-3-8B_just_only_prompt_boundary_full/just
just	attn	prompt_boundary	prompt_without	generated	sufficiency	1	random_mean	0.0008961532348285			full	Full	/datastor1/jiahuikchen/Just_LLMs/localization/results/component_patch_runs/20260608_1757_Meta-Llama-3-8B_just_only_prompt_boundary_full/just
just	attn	prompt_boundary	prompt_without	generated	sufficiency	3	localized	0.0064060564307082			full	Full	/datastor1/jiahuikchen/Just_LLMs/localization/results/component_patch_runs/20260608_1757_Meta-Llama-3-8B_just_only_prompt_boundary_full/just
just	attn	prompt_boundary	prompt_without	generated	sufficiency	3	random_mean	0.0023017532301404			full	Full	/datastor1/jiahuikchen/Just_LLMs/localization/results/component_patch_runs/20260608_1757_Meta-Llama-3-8B_just_only_prompt_boundary_full/just
just	attn	prompt_boundary	prompt_without	generated	sufficiency	5	localized	0.0099957950916276			full	Full	/datastor1/jiahuikchen/Just_LLMs/localization/results/component_patch_runs/20260608_1757_Meta-Llama-3-8B_just_only_prompt_boundary_full/just
just	attn	prompt_boundary	prompt_without	generated	sufficiency	5	random_mean	0.0045169299327251			full	Full	/datastor1/jiahuikchen/Just_LLMs/localization/results/component_patch_runs/20260608_1757_Meta-Llama-3-8B_just_only_prompt_boundary_full/just
just	attn	prompt_boundary	prompt_without	generated	sufficiency	10	localized	0.0174209717279742			full	Full	/datastor1/jiahuikchen/Just_LLMs/localization/results/component_patch_runs/20260608_1757_Meta-Llama-3-8B_just_only_prompt_boundary_full/just
just	attn	prompt_boundary	prompt_without	generated	sufficiency	10	random_mean	0.0078129284853501			full	Full	/datastor1/jiahuikchen/Just_LLMs/localization/results/component_patch_runs/20260608_1757_Meta-Llama-3-8B_just_only_prompt_boundary_full/just
just	attn	prompt_boundary	prompt_without	gold	sufficiency	1	localized	-7.981209770580616e-05			full	Full	/datastor1/jiahuikchen/Just_LLMs/localization/results/component_patch_runs/20260608_1757_Meta-Llama-3-8B_just_only_prompt_boundary_full/just
just	attn	prompt_boundary	prompt_without	gold	sufficiency	1	random_mean	-0.0001250420675748			full	Full	/datastor1/jiahuikchen/Just_LLMs/localization/results/component_patch_runs/20260608_1757_Meta-Llama-3-8B_just_only_prompt_boundary_full/just
just	attn	prompt_boundary	prompt_without	gold	sufficiency	3	localized	0.0021912254369856			full	Full	/datastor1/jiahuikchen/Just_LLMs/localization/results/component_patch_runs/20260608_1757_Meta-Llama-3-8B_just_only_prompt_boundary_full/just
just	attn	prompt_boundary	prompt_without	gold	sufficiency	3	random_mean	-0.0002455760165978			full	Full	/datastor1/jiahuikchen/Just_LLMs/localization/results/component_patch_runs/20260608_1757_Meta-Llama-3-8B_just_only_prompt_boundary_full/just
just	attn	prompt_boundary	prompt_without	gold	sufficiency	5	localized	0.0015446284588534			full	Full	/datastor1/jiahuikchen/Just_LLMs/localization/results/component_patch_runs/20260608_1757_Meta-Llama-3-8B_just_only_prompt_boundary_full/just
just	attn	prompt_boundary	prompt_without	gold	sufficiency	5	random_mean	0.0024154864437802			full	Full	/datastor1/jiahuikchen/Just_LLMs/localization/results/component_patch_runs/20260608_1757_Meta-Llama-3-8B_just_only_prompt_boundary_full/just
just	attn	prompt_boundary	prompt_without	gold	sufficiency	10	localized	0.0025633799283557			full	Full	/datastor1/jiahuikchen/Just_LLMs/localization/results/component_patch_runs/20260608_1757_Meta-Llama-3-8B_just_only_prompt_boundary_full/just
just	attn	prompt_boundary	prompt_without	gold	sufficiency	10	random_mean	0.0037499344985636			full	Full	/datastor1/jiahuikchen/Just_LLMs/localization/results/component_patch_runs/20260608_1757_Meta-Llama-3-8B_just_only_prompt_boundary_full/just
just	mlp	prompt_boundary	prompt_without	generated	necessity	1	localized	0.0005410053795114			full	Full	/datastor1/jiahuikchen/Just_LLMs/localization/results/component_patch_runs/20260608_1757_Meta-Llama-3-8B_just_only_prompt_boundary_full/just
just	mlp	prompt_boundary	prompt_without	generated	necessity	1	random_mean	0.0014818138139449			full	Full	/datastor1/jiahuikchen/Just_LLMs/localization/results/component_patch_runs/20260608_1757_Meta-Llama-3-8B_just_only_prompt_boundary_full/just
just	mlp	prompt_boundary	prompt_without	generated	necessity	3	localized	0.002993077806362			full	Full	/datastor1/jiahuikchen/Just_LLMs/localization/results/component_patch_runs/20260608_1757_Meta-Llama-3-8B_just_only_prompt_boundary_full/just
just	mlp	prompt_boundary	prompt_without	generated	necessity	3	random_mean	0.0034272498657381			full	Full	/datastor1/jiahuikchen/Just_LLMs/localization/results/component_patch_runs/20260608_1757_Meta-Llama-3-8B_just_only_prompt_boundary_full/just
just	mlp	prompt_boundary	prompt_without	generated	necessity	5	localized	0.0050778929530108			full	Full	/datastor1/jiahuikchen/Just_LLMs/localization/results/component_patch_runs/20260608_1757_Meta-Llama-3-8B_just_only_prompt_boundary_full/just
just	mlp	prompt_boundary	prompt_without	generated	necessity	5	random_mean	0.0041058778365915			full	Full	/datastor1/jiahuikchen/Just_LLMs/localization/results/component_patch_runs/20260608_1757_Meta-Llama-3-8B_just_only_prompt_boundary_full/just
just	mlp	prompt_boundary	prompt_without	generated	necessity	10	localized	0.0113142517599066			full	Full	/datastor1/jiahuikchen/Just_LLMs/localization/results/component_patch_runs/20260608_1757_Meta-Llama-3-8B_just_only_prompt_boundary_full/just
just	mlp	prompt_boundary	prompt_without	generated	necessity	10	random_mean	0.0066145455090328			full	Full	/datastor1/jiahuikchen/Just_LLMs/localization/results/component_patch_runs/20260608_1757_Meta-Llama-3-8B_just_only_prompt_boundary_full/just
just	mlp	prompt_boundary	prompt_without	gold	necessity	1	localized	9.32661921061217e-05			full	Full	/datastor1/jiahuikchen/Just_LLMs/localization/results/component_patch_runs/20260608_1757_Meta-Llama-3-8B_just_only_prompt_boundary_full/just
just	mlp	prompt_boundary	prompt_without	gold	necessity	1	random_mean	0.0008650630523417			full	Full	/datastor1/jiahuikchen/Just_LLMs/localization/results/component_patch_runs/20260608_1757_Meta-Llama-3-8B_just_only_prompt_boundary_full/just
just	mlp	prompt_boundary	prompt_without	gold	necessity	3	localized	0.0005161744886648			full	Full	/datastor1/jiahuikchen/Just_LLMs/localization/results/component_patch_runs/20260608_1757_Meta-Llama-3-8B_just_only_prompt_boundary_full/just
just	mlp	prompt_boundary	prompt_without	gold	necessity	3	random_mean	0.0001751724055384			full	Full	/datastor1/jiahuikchen/Just_LLMs/localization/results/component_patch_runs/20260608_1757_Meta-Llama-3-8B_just_only_prompt_boundary_full/just
just	mlp	prompt_boundary	prompt_without	gold	necessity	5	localized	-0.000329014150582			full	Full	/datastor1/jiahuikchen/Just_LLMs/localization/results/component_patch_runs/20260608_1757_Meta-Llama-3-8B_just_only_prompt_boundary_full/just
just	mlp	prompt_boundary	prompt_without	gold	necessity	5	random_mean	0.0026178546168194			full	Full	/datastor1/jiahuikchen/Just_LLMs/localization/results/component_patch_runs/20260608_1757_Meta-Llama-3-8B_just_only_prompt_boundary_full/just
just	mlp	prompt_boundary	prompt_without	gold	necessity	10	localized	-0.0017649473766748			full	Full	/datastor1/jiahuikchen/Just_LLMs/localization/results/component_patch_runs/20260608_1757_Meta-Llama-3-8B_just_only_prompt_boundary_full/just
just	mlp	prompt_boundary	prompt_without	gold	necessity	10	random_mean	0.0035914483470193			full	Full	/datastor1/jiahuikchen/Just_LLMs/localization/results/component_patch_runs/20260608_1757_Meta-Llama-3-8B_just_only_prompt_boundary_full/just
just	mlp	prompt_boundary	prompt_without	generated	sufficiency	1	localized	0.000799518064785			full	Full	/datastor1/jiahuikchen/Just_LLMs/localization/results/component_patch_runs/20260608_1757_Meta-Llama-3-8B_just_only_prompt_boundary_full/just
just	mlp	prompt_boundary	prompt_without	generated	sufficiency	1	random_mean	0.0018054705581325			full	Full	/datastor1/jiahuikchen/Just_LLMs/localization/results/component_patch_runs/20260608_1757_Meta-Llama-3-8B_just_only_prompt_boundary_full/just
just	mlp	prompt_boundary	prompt_without	generated	sufficiency	3	localized	0.00479958513425			full	Full	/datastor1/jiahuikchen/Just_LLMs/localization/results/component_patch_runs/20260608_1757_Meta-Llama-3-8B_just_only_prompt_boundary_full/just
just	mlp	prompt_boundary	prompt_without	generated	sufficiency	3	random_mean	0.0045636258451875			full	Full	/datastor1/jiahuikchen/Just_LLMs/localization/results/component_patch_runs/20260608_1757_Meta-Llama-3-8B_just_only_prompt_boundary_full/just
just	mlp	prompt_boundary	prompt_without	generated	sufficiency	5	localized	0.0078920340868691			full	Full	/datastor1/jiahuikchen/Just_LLMs/localization/results/component_patch_runs/20260608_1757_Meta-Llama-3-8B_just_only_prompt_boundary_full/just
just	mlp	prompt_boundary	prompt_without	generated	sufficiency	5	random_mean	0.0064970347700488			full	Full	/datastor1/jiahuikchen/Just_LLMs/localization/results/component_patch_runs/20260608_1757_Meta-Llama-3-8B_just_only_prompt_boundary_full/just
just	mlp	prompt_boundary	prompt_without	generated	sufficiency	10	localized	0.0136268552479083			full	Full	/datastor1/jiahuikchen/Just_LLMs/localization/results/component_patch_runs/20260608_1757_Meta-Llama-3-8B_just_only_prompt_boundary_full/just
just	mlp	prompt_boundary	prompt_without	generated	sufficiency	10	random_mean	0.0069485073744848			full	Full	/datastor1/jiahuikchen/Just_LLMs/localization/results/component_patch_runs/20260608_1757_Meta-Llama-3-8B_just_only_prompt_boundary_full/just
just	mlp	prompt_boundary	prompt_without	gold	sufficiency	1	localized	-0.000275804813415			full	Full	/datastor1/jiahuikchen/Just_LLMs/localization/results/component_patch_runs/20260608_1757_Meta-Llama-3-8B_just_only_prompt_boundary_full/just
just	mlp	prompt_boundary	prompt_without	gold	sufficiency	1	random_mean	-0.0001839427879049			full	Full	/datastor1/jiahuikchen/Just_LLMs/localization/results/component_patch_runs/20260608_1757_Meta-Llama-3-8B_just_only_prompt_boundary_full/just
just	mlp	prompt_boundary	prompt_without	gold	sufficiency	3	localized	0.0003321671597821			full	Full	/datastor1/jiahuikchen/Just_LLMs/localization/results/component_patch_runs/20260608_1757_Meta-Llama-3-8B_just_only_prompt_boundary_full/just
just	mlp	prompt_boundary	prompt_without	gold	sufficiency	3	random_mean	-0.0002359445767659			full	Full	/datastor1/jiahuikchen/Just_LLMs/localization/results/component_patch_runs/20260608_1757_Meta-Llama-3-8B_just_only_prompt_boundary_full/just
just	mlp	prompt_boundary	prompt_without	gold	sufficiency	5	localized	0.0005174373433456			full	Full	/datastor1/jiahuikchen/Just_LLMs/localization/results/component_patch_runs/20260608_1757_Meta-Llama-3-8B_just_only_prompt_boundary_full/just
just	mlp	prompt_boundary	prompt_without	gold	sufficiency	5	random_mean	0.0020633627335113			full	Full	/datastor1/jiahuikchen/Just_LLMs/localization/results/component_patch_runs/20260608_1757_Meta-Llama-3-8B_just_only_prompt_boundary_full/just
just	mlp	prompt_boundary	prompt_without	gold	sufficiency	10	localized	-0.0021335429039479			full	Full	/datastor1/jiahuikchen/Just_LLMs/localization/results/component_patch_runs/20260608_1757_Meta-Llama-3-8B_just_only_prompt_boundary_full/just
just	mlp	prompt_boundary	prompt_without	gold	sufficiency	10	random_mean	0.0011644933257799			full	Full	/datastor1/jiahuikchen/Just_LLMs/localization/results/component_patch_runs/20260608_1757_Meta-Llama-3-8B_just_only_prompt_boundary_full/just
just	resid	prompt_boundary	prompt_without	generated	necessity	1	localized	0.0188430737268132			full	Full	/datastor1/jiahuikchen/Just_LLMs/localization/results/component_patch_runs/20260608_1757_Meta-Llama-3-8B_just_only_prompt_boundary_full/just
just	resid	prompt_boundary	prompt_without	generated	necessity	1	random_mean	0.0122127478742751			full	Full	/datastor1/jiahuikchen/Just_LLMs/localization/results/component_patch_runs/20260608_1757_Meta-Llama-3-8B_just_only_prompt_boundary_full/just
just	resid	prompt_boundary	prompt_without	generated	necessity	3	localized	0.019311390311732			full	Full	/datastor1/jiahuikchen/Just_LLMs/localization/results/component_patch_runs/20260608_1757_Meta-Llama-3-8B_just_only_prompt_boundary_full/just
just	resid	prompt_boundary	prompt_without	generated	necessity	3	random_mean	0.0120924720605457			full	Full	/datastor1/jiahuikchen/Just_LLMs/localization/results/component_patch_runs/20260608_1757_Meta-Llama-3-8B_just_only_prompt_boundary_full/just
just	resid	prompt_boundary	prompt_without	generated	necessity	5	localized	0.0205137046971792			full	Full	/datastor1/jiahuikchen/Just_LLMs/localization/results/component_patch_runs/20260608_1757_Meta-Llama-3-8B_just_only_prompt_boundary_full/just
just	resid	prompt_boundary	prompt_without	generated	necessity	5	random_mean	0.0145819162126335			full	Full	/datastor1/jiahuikchen/Just_LLMs/localization/results/component_patch_runs/20260608_1757_Meta-Llama-3-8B_just_only_prompt_boundary_full/just
just	resid	prompt_boundary	prompt_without	generated	necessity	10	localized	0.0213747928067715			full	Full	/datastor1/jiahuikchen/Just_LLMs/localization/results/component_patch_runs/20260608_1757_Meta-Llama-3-8B_just_only_prompt_boundary_full/just
just	resid	prompt_boundary	prompt_without	generated	necessity	10	random_mean	0.0177673802808845			full	Full	/datastor1/jiahuikchen/Just_LLMs/localization/results/component_patch_runs/20260608_1757_Meta-Llama-3-8B_just_only_prompt_boundary_full/just
just	resid	prompt_boundary	prompt_without	gold	necessity	1	localized	0.0047746134679298			full	Full	/datastor1/jiahuikchen/Just_LLMs/localization/results/component_patch_runs/20260608_1757_Meta-Llama-3-8B_just_only_prompt_boundary_full/just
just	resid	prompt_boundary	prompt_without	gold	necessity	1	random_mean	0.0026744420848728			full	Full	/datastor1/jiahuikchen/Just_LLMs/localization/results/component_patch_runs/20260608_1757_Meta-Llama-3-8B_just_only_prompt_boundary_full/just
just	resid	prompt_boundary	prompt_without	gold	necessity	3	localized	0.0047499909000662			full	Full	/datastor1/jiahuikchen/Just_LLMs/localization/results/component_patch_runs/20260608_1757_Meta-Llama-3-8B_just_only_prompt_boundary_full/just
just	resid	prompt_boundary	prompt_without	gold	necessity	3	random_mean	0.0055235568201128			full	Full	/datastor1/jiahuikchen/Just_LLMs/localization/results/component_patch_runs/20260608_1757_Meta-Llama-3-8B_just_only_prompt_boundary_full/just
just	resid	prompt_boundary	prompt_without	gold	necessity	5	localized	0.005431874905134			full	Full	/datastor1/jiahuikchen/Just_LLMs/localization/results/component_patch_runs/20260608_1757_Meta-Llama-3-8B_just_only_prompt_boundary_full/just
just	resid	prompt_boundary	prompt_without	gold	necessity	5	random_mean	0.0062074994928504			full	Full	/datastor1/jiahuikchen/Just_LLMs/localization/results/component_patch_runs/20260608_1757_Meta-Llama-3-8B_just_only_prompt_boundary_full/just
just	resid	prompt_boundary	prompt_without	gold	necessity	10	localized	0.0056074114795388			full	Full	/datastor1/jiahuikchen/Just_LLMs/localization/results/component_patch_runs/20260608_1757_Meta-Llama-3-8B_just_only_prompt_boundary_full/just
just	resid	prompt_boundary	prompt_without	gold	necessity	10	random_mean	0.0065742595577449			full	Full	/datastor1/jiahuikchen/Just_LLMs/localization/results/component_patch_runs/20260608_1757_Meta-Llama-3-8B_just_only_prompt_boundary_full/just
just	resid	prompt_boundary	prompt_without	generated	sufficiency	1	localized	0.0188430737268132			full	Full	/datastor1/jiahuikchen/Just_LLMs/localization/results/component_patch_runs/20260608_1757_Meta-Llama-3-8B_just_only_prompt_boundary_full/just
just	resid	prompt_boundary	prompt_without	generated	sufficiency	1	random_mean	0.0122751215622828			full	Full	/datastor1/jiahuikchen/Just_LLMs/localization/results/component_patch_runs/20260608_1757_Meta-Llama-3-8B_just_only_prompt_boundary_full/just
just	resid	prompt_boundary	prompt_without	generated	sufficiency	3	localized	0.0192443273078227			full	Full	/datastor1/jiahuikchen/Just_LLMs/localization/results/component_patch_runs/20260608_1757_Meta-Llama-3-8B_just_only_prompt_boundary_full/just
just	resid	prompt_boundary	prompt_without	generated	sufficiency	3	random_mean	0.0171691222553477			full	Full	/datastor1/jiahuikchen/Just_LLMs/localization/results/component_patch_runs/20260608_1757_Meta-Llama-3-8B_just_only_prompt_boundary_full/just
just	resid	prompt_boundary	prompt_without	generated	sufficiency	5	localized	0.0207034741026657			full	Full	/datastor1/jiahuikchen/Just_LLMs/localization/results/component_patch_runs/20260608_1757_Meta-Llama-3-8B_just_only_prompt_boundary_full/just
just	resid	prompt_boundary	prompt_without	generated	sufficiency	5	random_mean	0.0204468659368064			full	Full	/datastor1/jiahuikchen/Just_LLMs/localization/results/component_patch_runs/20260608_1757_Meta-Llama-3-8B_just_only_prompt_boundary_full/just
just	resid	prompt_boundary	prompt_without	generated	sufficiency	10	localized	0.0220348097372223			full	Full	/datastor1/jiahuikchen/Just_LLMs/localization/results/component_patch_runs/20260608_1757_Meta-Llama-3-8B_just_only_prompt_boundary_full/just
just	resid	prompt_boundary	prompt_without	generated	sufficiency	10	random_mean	0.0222035534756938			full	Full	/datastor1/jiahuikchen/Just_LLMs/localization/results/component_patch_runs/20260608_1757_Meta-Llama-3-8B_just_only_prompt_boundary_full/just
just	resid	prompt_boundary	prompt_without	gold	sufficiency	1	localized	0.0047746134679297			full	Full	/datastor1/jiahuikchen/Just_LLMs/localization/results/component_patch_runs/20260608_1757_Meta-Llama-3-8B_just_only_prompt_boundary_full/just
just	resid	prompt_boundary	prompt_without	gold	sufficiency	1	random_mean	0.0018303773752561			full	Full	/datastor1/jiahuikchen/Just_LLMs/localization/results/component_patch_runs/20260608_1757_Meta-Llama-3-8B_just_only_prompt_boundary_full/just
just	resid	prompt_boundary	prompt_without	gold	sufficiency	3	localized	0.0052102577920078			full	Full	/datastor1/jiahuikchen/Just_LLMs/localization/results/component_patch_runs/20260608_1757_Meta-Llama-3-8B_just_only_prompt_boundary_full/just
just	resid	prompt_boundary	prompt_without	gold	sufficiency	3	random_mean	0.0048784773048607			full	Full	/datastor1/jiahuikchen/Just_LLMs/localization/results/component_patch_runs/20260608_1757_Meta-Llama-3-8B_just_only_prompt_boundary_full/just
just	resid	prompt_boundary	prompt_without	gold	sufficiency	5	localized	0.0053379894325053			full	Full	/datastor1/jiahuikchen/Just_LLMs/localization/results/component_patch_runs/20260608_1757_Meta-Llama-3-8B_just_only_prompt_boundary_full/just
just	resid	prompt_boundary	prompt_without	gold	sufficiency	5	random_mean	0.0066726425054084			full	Full	/datastor1/jiahuikchen/Just_LLMs/localization/results/component_patch_runs/20260608_1757_Meta-Llama-3-8B_just_only_prompt_boundary_full/just
just	resid	prompt_boundary	prompt_without	gold	sufficiency	10	localized	0.0060062370935322			full	Full	/datastor1/jiahuikchen/Just_LLMs/localization/results/component_patch_runs/20260608_1757_Meta-Llama-3-8B_just_only_prompt_boundary_full/just
just	resid	prompt_boundary	prompt_without	gold	sufficiency	10	random_mean	0.0077336434153264			full	Full	/datastor1/jiahuikchen/Just_LLMs/localization/results/component_patch_runs/20260608_1757_Meta-Llama-3-8B_just_only_prompt_boundary_full/just
only	attn	prompt_boundary	prompt_without	generated	necessity	1	localized	0.000895919608244			full	Full	/datastor1/jiahuikchen/Just_LLMs/localization/results/component_patch_runs/20260608_1757_Meta-Llama-3-8B_just_only_prompt_boundary_full/only
only	attn	prompt_boundary	prompt_without	generated	necessity	1	random_mean	0.0001884054050937			full	Full	/datastor1/jiahuikchen/Just_LLMs/localization/results/component_patch_runs/20260608_1757_Meta-Llama-3-8B_just_only_prompt_boundary_full/only
only	attn	prompt_boundary	prompt_without	generated	necessity	3	localized	0.0015504892156652			full	Full	/datastor1/jiahuikchen/Just_LLMs/localization/results/component_patch_runs/20260608_1757_Meta-Llama-3-8B_just_only_prompt_boundary_full/only
only	attn	prompt_boundary	prompt_without	generated	necessity	3	random_mean	0.0005342569788053			full	Full	/datastor1/jiahuikchen/Just_LLMs/localization/results/component_patch_runs/20260608_1757_Meta-Llama-3-8B_just_only_prompt_boundary_full/only
only	attn	prompt_boundary	prompt_without	generated	necessity	5	localized	0.0034016737071265			full	Full	/datastor1/jiahuikchen/Just_LLMs/localization/results/component_patch_runs/20260608_1757_Meta-Llama-3-8B_just_only_prompt_boundary_full/only
only	attn	prompt_boundary	prompt_without	generated	necessity	5	random_mean	0.001058989744905			full	Full	/datastor1/jiahuikchen/Just_LLMs/localization/results/component_patch_runs/20260608_1757_Meta-Llama-3-8B_just_only_prompt_boundary_full/only
only	attn	prompt_boundary	prompt_without	generated	necessity	10	localized	0.0049398711182821			full	Full	/datastor1/jiahuikchen/Just_LLMs/localization/results/component_patch_runs/20260608_1757_Meta-Llama-3-8B_just_only_prompt_boundary_full/only
only	attn	prompt_boundary	prompt_without	generated	necessity	10	random_mean	0.0024318216454918			full	Full	/datastor1/jiahuikchen/Just_LLMs/localization/results/component_patch_runs/20260608_1757_Meta-Llama-3-8B_just_only_prompt_boundary_full/only
only	attn	prompt_boundary	prompt_without	gold	necessity	1	localized	0.0004605958664126			full	Full	/datastor1/jiahuikchen/Just_LLMs/localization/results/component_patch_runs/20260608_1757_Meta-Llama-3-8B_just_only_prompt_boundary_full/only
only	attn	prompt_boundary	prompt_without	gold	necessity	1	random_mean	1.4423294337812863e-05			full	Full	/datastor1/jiahuikchen/Just_LLMs/localization/results/component_patch_runs/20260608_1757_Meta-Llama-3-8B_just_only_prompt_boundary_full/only
only	attn	prompt_boundary	prompt_without	gold	necessity	3	localized	0.0018817603299213			full	Full	/datastor1/jiahuikchen/Just_LLMs/localization/results/component_patch_runs/20260608_1757_Meta-Llama-3-8B_just_only_prompt_boundary_full/only
only	attn	prompt_boundary	prompt_without	gold	necessity	3	random_mean	0.0002765460524146			full	Full	/datastor1/jiahuikchen/Just_LLMs/localization/results/component_patch_runs/20260608_1757_Meta-Llama-3-8B_just_only_prompt_boundary_full/only
only	attn	prompt_boundary	prompt_without	gold	necessity	5	localized	0.0031489149062521			full	Full	/datastor1/jiahuikchen/Just_LLMs/localization/results/component_patch_runs/20260608_1757_Meta-Llama-3-8B_just_only_prompt_boundary_full/only
only	attn	prompt_boundary	prompt_without	gold	necessity	5	random_mean	-0.0001339479901829			full	Full	/datastor1/jiahuikchen/Just_LLMs/localization/results/component_patch_runs/20260608_1757_Meta-Llama-3-8B_just_only_prompt_boundary_full/only
only	attn	prompt_boundary	prompt_without	gold	necessity	10	localized	0.0034466131591079			full	Full	/datastor1/jiahuikchen/Just_LLMs/localization/results/component_patch_runs/20260608_1757_Meta-Llama-3-8B_just_only_prompt_boundary_full/only
only	attn	prompt_boundary	prompt_without	gold	necessity	10	random_mean	0.0002982057969329			full	Full	/datastor1/jiahuikchen/Just_LLMs/localization/results/component_patch_runs/20260608_1757_Meta-Llama-3-8B_just_only_prompt_boundary_full/only
only	attn	prompt_boundary	prompt_without	generated	sufficiency	1	localized	0.0013908824082433			full	Full	/datastor1/jiahuikchen/Just_LLMs/localization/results/component_patch_runs/20260608_1757_Meta-Llama-3-8B_just_only_prompt_boundary_full/only
only	attn	prompt_boundary	prompt_without	generated	sufficiency	1	random_mean	0.0005386511425933			full	Full	/datastor1/jiahuikchen/Just_LLMs/localization/results/component_patch_runs/20260608_1757_Meta-Llama-3-8B_just_only_prompt_boundary_full/only
only	attn	prompt_boundary	prompt_without	generated	sufficiency	3	localized	0.0023792951854758			full	Full	/datastor1/jiahuikchen/Just_LLMs/localization/results/component_patch_runs/20260608_1757_Meta-Llama-3-8B_just_only_prompt_boundary_full/only
only	attn	prompt_boundary	prompt_without	generated	sufficiency	3	random_mean	0.0010993643743068			full	Full	/datastor1/jiahuikchen/Just_LLMs/localization/results/component_patch_runs/20260608_1757_Meta-Llama-3-8B_just_only_prompt_boundary_full/only
only	attn	prompt_boundary	prompt_without	generated	sufficiency	5	localized	0.004918276392137			full	Full	/datastor1/jiahuikchen/Just_LLMs/localization/results/component_patch_runs/20260608_1757_Meta-Llama-3-8B_just_only_prompt_boundary_full/only
only	attn	prompt_boundary	prompt_without	generated	sufficiency	5	random_mean	0.0022428213549832			full	Full	/datastor1/jiahuikchen/Just_LLMs/localization/results/component_patch_runs/20260608_1757_Meta-Llama-3-8B_just_only_prompt_boundary_full/only
only	attn	prompt_boundary	prompt_without	generated	sufficiency	10	localized	0.0070500643836603			full	Full	/datastor1/jiahuikchen/Just_LLMs/localization/results/component_patch_runs/20260608_1757_Meta-Llama-3-8B_just_only_prompt_boundary_full/only
only	attn	prompt_boundary	prompt_without	generated	sufficiency	10	random_mean	0.0038773007838885			full	Full	/datastor1/jiahuikchen/Just_LLMs/localization/results/component_patch_runs/20260608_1757_Meta-Llama-3-8B_just_only_prompt_boundary_full/only
only	attn	prompt_boundary	prompt_without	gold	sufficiency	1	localized	0.0002942304102315			full	Full	/datastor1/jiahuikchen/Just_LLMs/localization/results/component_patch_runs/20260608_1757_Meta-Llama-3-8B_just_only_prompt_boundary_full/only
only	attn	prompt_boundary	prompt_without	gold	sufficiency	1	random_mean	0.0001599537678753			full	Full	/datastor1/jiahuikchen/Just_LLMs/localization/results/component_patch_runs/20260608_1757_Meta-Llama-3-8B_just_only_prompt_boundary_full/only
only	attn	prompt_boundary	prompt_without	gold	sufficiency	3	localized	0.0025054180806404			full	Full	/datastor1/jiahuikchen/Just_LLMs/localization/results/component_patch_runs/20260608_1757_Meta-Llama-3-8B_just_only_prompt_boundary_full/only
only	attn	prompt_boundary	prompt_without	gold	sufficiency	3	random_mean	0.0005921360022674			full	Full	/datastor1/jiahuikchen/Just_LLMs/localization/results/component_patch_runs/20260608_1757_Meta-Llama-3-8B_just_only_prompt_boundary_full/only
only	attn	prompt_boundary	prompt_without	gold	sufficiency	5	localized	0.0048032800705245			full	Full	/datastor1/jiahuikchen/Just_LLMs/localization/results/component_patch_runs/20260608_1757_Meta-Llama-3-8B_just_only_prompt_boundary_full/only
only	attn	prompt_boundary	prompt_without	gold	sufficiency	5	random_mean	0.000514887524081			full	Full	/datastor1/jiahuikchen/Just_LLMs/localization/results/component_patch_runs/20260608_1757_Meta-Llama-3-8B_just_only_prompt_boundary_full/only
only	attn	prompt_boundary	prompt_without	gold	sufficiency	10	localized	0.0052458285844239			full	Full	/datastor1/jiahuikchen/Just_LLMs/localization/results/component_patch_runs/20260608_1757_Meta-Llama-3-8B_just_only_prompt_boundary_full/only
only	attn	prompt_boundary	prompt_without	gold	sufficiency	10	random_mean	6.262920915247325e-05			full	Full	/datastor1/jiahuikchen/Just_LLMs/localization/results/component_patch_runs/20260608_1757_Meta-Llama-3-8B_just_only_prompt_boundary_full/only
only	mlp	prompt_boundary	prompt_without	generated	necessity	1	localized	0.0006791230310497			full	Full	/datastor1/jiahuikchen/Just_LLMs/localization/results/component_patch_runs/20260608_1757_Meta-Llama-3-8B_just_only_prompt_boundary_full/only
only	mlp	prompt_boundary	prompt_without	generated	necessity	1	random_mean	0.0004969870864688			full	Full	/datastor1/jiahuikchen/Just_LLMs/localization/results/component_patch_runs/20260608_1757_Meta-Llama-3-8B_just_only_prompt_boundary_full/only
only	mlp	prompt_boundary	prompt_without	generated	necessity	3	localized	0.0014206922959057			full	Full	/datastor1/jiahuikchen/Just_LLMs/localization/results/component_patch_runs/20260608_1757_Meta-Llama-3-8B_just_only_prompt_boundary_full/only
only	mlp	prompt_boundary	prompt_without	generated	necessity	3	random_mean	0.0012314938281441			full	Full	/datastor1/jiahuikchen/Just_LLMs/localization/results/component_patch_runs/20260608_1757_Meta-Llama-3-8B_just_only_prompt_boundary_full/only
only	mlp	prompt_boundary	prompt_without	generated	necessity	5	localized	0.0024143862530317			full	Full	/datastor1/jiahuikchen/Just_LLMs/localization/results/component_patch_runs/20260608_1757_Meta-Llama-3-8B_just_only_prompt_boundary_full/only
only	mlp	prompt_boundary	prompt_without	generated	necessity	5	random_mean	0.0014502935484189			full	Full	/datastor1/jiahuikchen/Just_LLMs/localization/results/component_patch_runs/20260608_1757_Meta-Llama-3-8B_just_only_prompt_boundary_full/only
only	mlp	prompt_boundary	prompt_without	generated	necessity	10	localized	0.0039508829743686			full	Full	/datastor1/jiahuikchen/Just_LLMs/localization/results/component_patch_runs/20260608_1757_Meta-Llama-3-8B_just_only_prompt_boundary_full/only
only	mlp	prompt_boundary	prompt_without	generated	necessity	10	random_mean	0.0026228346352907			full	Full	/datastor1/jiahuikchen/Just_LLMs/localization/results/component_patch_runs/20260608_1757_Meta-Llama-3-8B_just_only_prompt_boundary_full/only
only	mlp	prompt_boundary	prompt_without	gold	necessity	1	localized	0.0005716376046131			full	Full	/datastor1/jiahuikchen/Just_LLMs/localization/results/component_patch_runs/20260608_1757_Meta-Llama-3-8B_just_only_prompt_boundary_full/only
only	mlp	prompt_boundary	prompt_without	gold	necessity	1	random_mean	-0.0001372573100544			full	Full	/datastor1/jiahuikchen/Just_LLMs/localization/results/component_patch_runs/20260608_1757_Meta-Llama-3-8B_just_only_prompt_boundary_full/only
only	mlp	prompt_boundary	prompt_without	gold	necessity	3	localized	-0.0024172626689819			full	Full	/datastor1/jiahuikchen/Just_LLMs/localization/results/component_patch_runs/20260608_1757_Meta-Llama-3-8B_just_only_prompt_boundary_full/only
only	mlp	prompt_boundary	prompt_without	gold	necessity	3	random_mean	-0.0020101093799467			full	Full	/datastor1/jiahuikchen/Just_LLMs/localization/results/component_patch_runs/20260608_1757_Meta-Llama-3-8B_just_only_prompt_boundary_full/only
only	mlp	prompt_boundary	prompt_without	gold	necessity	5	localized	-0.0031061314165617			full	Full	/datastor1/jiahuikchen/Just_LLMs/localization/results/component_patch_runs/20260608_1757_Meta-Llama-3-8B_just_only_prompt_boundary_full/only
only	mlp	prompt_boundary	prompt_without	gold	necessity	5	random_mean	-0.0005559263995228			full	Full	/datastor1/jiahuikchen/Just_LLMs/localization/results/component_patch_runs/20260608_1757_Meta-Llama-3-8B_just_only_prompt_boundary_full/only
only	mlp	prompt_boundary	prompt_without	gold	necessity	10	localized	-6.836483463275788e-06			full	Full	/datastor1/jiahuikchen/Just_LLMs/localization/results/component_patch_runs/20260608_1757_Meta-Llama-3-8B_just_only_prompt_boundary_full/only
only	mlp	prompt_boundary	prompt_without	gold	necessity	10	random_mean	-0.000464067371573			full	Full	/datastor1/jiahuikchen/Just_LLMs/localization/results/component_patch_runs/20260608_1757_Meta-Llama-3-8B_just_only_prompt_boundary_full/only
only	mlp	prompt_boundary	prompt_without	generated	sufficiency	1	localized	0.0008083535093302			full	Full	/datastor1/jiahuikchen/Just_LLMs/localization/results/component_patch_runs/20260608_1757_Meta-Llama-3-8B_just_only_prompt_boundary_full/only
only	mlp	prompt_boundary	prompt_without	generated	sufficiency	1	random_mean	0.0005663308615965			full	Full	/datastor1/jiahuikchen/Just_LLMs/localization/results/component_patch_runs/20260608_1757_Meta-Llama-3-8B_just_only_prompt_boundary_full/only
only	mlp	prompt_boundary	prompt_without	generated	sufficiency	3	localized	0.0018196165121342			full	Full	/datastor1/jiahuikchen/Just_LLMs/localization/results/component_patch_runs/20260608_1757_Meta-Llama-3-8B_just_only_prompt_boundary_full/only
only	mlp	prompt_boundary	prompt_without	generated	sufficiency	3	random_mean	0.0011185137731292			full	Full	/datastor1/jiahuikchen/Just_LLMs/localization/results/component_patch_runs/20260608_1757_Meta-Llama-3-8B_just_only_prompt_boundary_full/only
only	mlp	prompt_boundary	prompt_without	generated	sufficiency	5	localized	0.0026508981017704			full	Full	/datastor1/jiahuikchen/Just_LLMs/localization/results/component_patch_runs/20260608_1757_Meta-Llama-3-8B_just_only_prompt_boundary_full/only
only	mlp	prompt_boundary	prompt_without	generated	sufficiency	5	random_mean	0.0025116354253432			full	Full	/datastor1/jiahuikchen/Just_LLMs/localization/results/component_patch_runs/20260608_1757_Meta-Llama-3-8B_just_only_prompt_boundary_full/only
only	mlp	prompt_boundary	prompt_without	generated	sufficiency	10	localized	0.0046038240761051			full	Full	/datastor1/jiahuikchen/Just_LLMs/localization/results/component_patch_runs/20260608_1757_Meta-Llama-3-8B_just_only_prompt_boundary_full/only
only	mlp	prompt_boundary	prompt_without	generated	sufficiency	10	random_mean	0.0028916154349798			full	Full	/datastor1/jiahuikchen/Just_LLMs/localization/results/component_patch_runs/20260608_1757_Meta-Llama-3-8B_just_only_prompt_boundary_full/only
only	mlp	prompt_boundary	prompt_without	gold	sufficiency	1	localized	0.000520617737955			full	Full	/datastor1/jiahuikchen/Just_LLMs/localization/results/component_patch_runs/20260608_1757_Meta-Llama-3-8B_just_only_prompt_boundary_full/only
only	mlp	prompt_boundary	prompt_without	gold	sufficiency	1	random_mean	-0.0004027746518862			full	Full	/datastor1/jiahuikchen/Just_LLMs/localization/results/component_patch_runs/20260608_1757_Meta-Llama-3-8B_just_only_prompt_boundary_full/only
only	mlp	prompt_boundary	prompt_without	gold	sufficiency	3	localized	-0.002627336133383			full	Full	/datastor1/jiahuikchen/Just_LLMs/localization/results/component_patch_runs/20260608_1757_Meta-Llama-3-8B_just_only_prompt_boundary_full/only
only	mlp	prompt_boundary	prompt_without	gold	sufficiency	3	random_mean	0.0008894245119437			full	Full	/datastor1/jiahuikchen/Just_LLMs/localization/results/component_patch_runs/20260608_1757_Meta-Llama-3-8B_just_only_prompt_boundary_full/only
only	mlp	prompt_boundary	prompt_without	gold	sufficiency	5	localized	-0.0030176330094305			full	Full	/datastor1/jiahuikchen/Just_LLMs/localization/results/component_patch_runs/20260608_1757_Meta-Llama-3-8B_just_only_prompt_boundary_full/only
only	mlp	prompt_boundary	prompt_without	gold	sufficiency	5	random_mean	0.0009823015133008			full	Full	/datastor1/jiahuikchen/Just_LLMs/localization/results/component_patch_runs/20260608_1757_Meta-Llama-3-8B_just_only_prompt_boundary_full/only
only	mlp	prompt_boundary	prompt_without	gold	sufficiency	10	localized	0.0016010798586289			full	Full	/datastor1/jiahuikchen/Just_LLMs/localization/results/component_patch_runs/20260608_1757_Meta-Llama-3-8B_just_only_prompt_boundary_full/only
only	mlp	prompt_boundary	prompt_without	gold	sufficiency	10	random_mean	-0.0014277459805552			full	Full	/datastor1/jiahuikchen/Just_LLMs/localization/results/component_patch_runs/20260608_1757_Meta-Llama-3-8B_just_only_prompt_boundary_full/only
only	resid	prompt_boundary	prompt_without	generated	necessity	1	localized	0.0059019071626941			full	Full	/datastor1/jiahuikchen/Just_LLMs/localization/results/component_patch_runs/20260608_1757_Meta-Llama-3-8B_just_only_prompt_boundary_full/only
only	resid	prompt_boundary	prompt_without	generated	necessity	1	random_mean	0.0027314941261526			full	Full	/datastor1/jiahuikchen/Just_LLMs/localization/results/component_patch_runs/20260608_1757_Meta-Llama-3-8B_just_only_prompt_boundary_full/only
only	resid	prompt_boundary	prompt_without	generated	necessity	3	localized	0.0072397458039012			full	Full	/datastor1/jiahuikchen/Just_LLMs/localization/results/component_patch_runs/20260608_1757_Meta-Llama-3-8B_just_only_prompt_boundary_full/only
only	resid	prompt_boundary	prompt_without	generated	necessity	3	random_mean	0.0059926833876739			full	Full	/datastor1/jiahuikchen/Just_LLMs/localization/results/component_patch_runs/20260608_1757_Meta-Llama-3-8B_just_only_prompt_boundary_full/only
only	resid	prompt_boundary	prompt_without	generated	necessity	5	localized	0.0073397733689539			full	Full	/datastor1/jiahuikchen/Just_LLMs/localization/results/component_patch_runs/20260608_1757_Meta-Llama-3-8B_just_only_prompt_boundary_full/only
only	resid	prompt_boundary	prompt_without	generated	necessity	5	random_mean	0.0072777840015036			full	Full	/datastor1/jiahuikchen/Just_LLMs/localization/results/component_patch_runs/20260608_1757_Meta-Llama-3-8B_just_only_prompt_boundary_full/only
only	resid	prompt_boundary	prompt_without	generated	necessity	10	localized	0.0084969762510465			full	Full	/datastor1/jiahuikchen/Just_LLMs/localization/results/component_patch_runs/20260608_1757_Meta-Llama-3-8B_just_only_prompt_boundary_full/only
only	resid	prompt_boundary	prompt_without	generated	necessity	10	random_mean	0.0079648483230054			full	Full	/datastor1/jiahuikchen/Just_LLMs/localization/results/component_patch_runs/20260608_1757_Meta-Llama-3-8B_just_only_prompt_boundary_full/only
only	resid	prompt_boundary	prompt_without	gold	necessity	1	localized	0.0044719961030717			full	Full	/datastor1/jiahuikchen/Just_LLMs/localization/results/component_patch_runs/20260608_1757_Meta-Llama-3-8B_just_only_prompt_boundary_full/only
only	resid	prompt_boundary	prompt_without	gold	necessity	1	random_mean	0.0015205736856078			full	Full	/datastor1/jiahuikchen/Just_LLMs/localization/results/component_patch_runs/20260608_1757_Meta-Llama-3-8B_just_only_prompt_boundary_full/only
only	resid	prompt_boundary	prompt_without	gold	necessity	3	localized	0.0043285301640815			full	Full	/datastor1/jiahuikchen/Just_LLMs/localization/results/component_patch_runs/20260608_1757_Meta-Llama-3-8B_just_only_prompt_boundary_full/only
only	resid	prompt_boundary	prompt_without	gold	necessity	3	random_mean	0.0044260037431333			full	Full	/datastor1/jiahuikchen/Just_LLMs/localization/results/component_patch_runs/20260608_1757_Meta-Llama-3-8B_just_only_prompt_boundary_full/only
only	resid	prompt_boundary	prompt_without	gold	necessity	5	localized	0.0039242590963101			full	Full	/datastor1/jiahuikchen/Just_LLMs/localization/results/component_patch_runs/20260608_1757_Meta-Llama-3-8B_just_only_prompt_boundary_full/only
only	resid	prompt_boundary	prompt_without	gold	necessity	5	random_mean	0.0043151560112045			full	Full	/datastor1/jiahuikchen/Just_LLMs/localization/results/component_patch_runs/20260608_1757_Meta-Llama-3-8B_just_only_prompt_boundary_full/only
only	resid	prompt_boundary	prompt_without	gold	necessity	10	localized	0.0047499427196696			full	Full	/datastor1/jiahuikchen/Just_LLMs/localization/results/component_patch_runs/20260608_1757_Meta-Llama-3-8B_just_only_prompt_boundary_full/only
only	resid	prompt_boundary	prompt_without	gold	necessity	10	random_mean	0.0043809266521225			full	Full	/datastor1/jiahuikchen/Just_LLMs/localization/results/component_patch_runs/20260608_1757_Meta-Llama-3-8B_just_only_prompt_boundary_full/only
only	resid	prompt_boundary	prompt_without	generated	sufficiency	1	localized	0.0065383556637558			full	Full	/datastor1/jiahuikchen/Just_LLMs/localization/results/component_patch_runs/20260608_1757_Meta-Llama-3-8B_just_only_prompt_boundary_full/only
only	resid	prompt_boundary	prompt_without	generated	sufficiency	1	random_mean	0.0032296744739275			full	Full	/datastor1/jiahuikchen/Just_LLMs/localization/results/component_patch_runs/20260608_1757_Meta-Llama-3-8B_just_only_prompt_boundary_full/only
only	resid	prompt_boundary	prompt_without	generated	sufficiency	3	localized	0.0073788475259936			full	Full	/datastor1/jiahuikchen/Just_LLMs/localization/results/component_patch_runs/20260608_1757_Meta-Llama-3-8B_just_only_prompt_boundary_full/only
only	resid	prompt_boundary	prompt_without	generated	sufficiency	3	random_mean	0.0080047645221549			full	Full	/datastor1/jiahuikchen/Just_LLMs/localization/results/component_patch_runs/20260608_1757_Meta-Llama-3-8B_just_only_prompt_boundary_full/only
only	resid	prompt_boundary	prompt_without	generated	sufficiency	5	localized	0.007596002049685			full	Full	/datastor1/jiahuikchen/Just_LLMs/localization/results/component_patch_runs/20260608_1757_Meta-Llama-3-8B_just_only_prompt_boundary_full/only
only	resid	prompt_boundary	prompt_without	generated	sufficiency	5	random_mean	0.0083674469689566			full	Full	/datastor1/jiahuikchen/Just_LLMs/localization/results/component_patch_runs/20260608_1757_Meta-Llama-3-8B_just_only_prompt_boundary_full/only
only	resid	prompt_boundary	prompt_without	generated	sufficiency	10	localized	0.009346438895289			full	Full	/datastor1/jiahuikchen/Just_LLMs/localization/results/component_patch_runs/20260608_1757_Meta-Llama-3-8B_just_only_prompt_boundary_full/only
only	resid	prompt_boundary	prompt_without	generated	sufficiency	10	random_mean	0.0102299944875795			full	Full	/datastor1/jiahuikchen/Just_LLMs/localization/results/component_patch_runs/20260608_1757_Meta-Llama-3-8B_just_only_prompt_boundary_full/only
only	resid	prompt_boundary	prompt_without	gold	sufficiency	1	localized	0.0041788633807709			full	Full	/datastor1/jiahuikchen/Just_LLMs/localization/results/component_patch_runs/20260608_1757_Meta-Llama-3-8B_just_only_prompt_boundary_full/only
only	resid	prompt_boundary	prompt_without	gold	sufficiency	1	random_mean	0.0020708850637728			full	Full	/datastor1/jiahuikchen/Just_LLMs/localization/results/component_patch_runs/20260608_1757_Meta-Llama-3-8B_just_only_prompt_boundary_full/only
only	resid	prompt_boundary	prompt_without	gold	sufficiency	3	localized	0.0046939627660428			full	Full	/datastor1/jiahuikchen/Just_LLMs/localization/results/component_patch_runs/20260608_1757_Meta-Llama-3-8B_just_only_prompt_boundary_full/only
only	resid	prompt_boundary	prompt_without	gold	sufficiency	3	random_mean	0.0056670560551253			full	Full	/datastor1/jiahuikchen/Just_LLMs/localization/results/component_patch_runs/20260608_1757_Meta-Llama-3-8B_just_only_prompt_boundary_full/only
only	resid	prompt_boundary	prompt_without	gold	sufficiency	5	localized	0.0047198919425147			full	Full	/datastor1/jiahuikchen/Just_LLMs/localization/results/component_patch_runs/20260608_1757_Meta-Llama-3-8B_just_only_prompt_boundary_full/only
only	resid	prompt_boundary	prompt_without	gold	sufficiency	5	random_mean	0.0053953643179194			full	Full	/datastor1/jiahuikchen/Just_LLMs/localization/results/component_patch_runs/20260608_1757_Meta-Llama-3-8B_just_only_prompt_boundary_full/only
only	resid	prompt_boundary	prompt_without	gold	sufficiency	10	localized	0.0058581895473438			full	Full	/datastor1/jiahuikchen/Just_LLMs/localization/results/component_patch_runs/20260608_1757_Meta-Llama-3-8B_just_only_prompt_boundary_full/only
only	resid	prompt_boundary	prompt_without	gold	sufficiency	10	random_mean	0.0068722630644811			full	Full	/datastor1/jiahuikchen/Just_LLMs/localization/results/component_patch_runs/20260608_1757_Meta-Llama-3-8B_just_only_prompt_boundary_full/only
