source_dataset	dataset_role	source_row_index	id	word	subset	context	w_word	wo_word	followup_metadata_only	with_without_diff	generated_from	generated_from_text	sampling_strategy	prompt_mode	top_p	temperature	base_seed	condition_seed	samples_requested	unique_samples_obtained	max_sample_draws	sample_draw	unique_rank	response	normalized_response	raw_generation	log_prob_given_P	log_prob_given_P_prime	log_prob_given_P_per_token	log_prob_given_P_prime_per_token	token_count_given_P	token_count_given_P_prime	own_log_prob	other_log_prob	own_log_prob_per_token	other_log_prob_per_token	own_context_log_prob_advantage	own_context_log_prob_advantage_per_token	own_context_win	include_context
just	discourse_particle	0	1157	just	h	Is there something I can help you with?	No, I'm just browsing. Thanks anyway.	No, I'm browsing. Thanks anyway.	Ok.	0.2506633094	P	No, I'm just browsing. Thanks anyway.	nucleus	chat	0.9	1.0	20260416	353299243	50	1	500	1	1	Thinking Process:	thinking process:	"Thinking Process:\n\n1.  **Analyze the User's Input:**\n    *   Input: ""No, I'm just browsing. Thanks anyway.""\n    *   Context: The previous turn was ""Is there something I can help you with?"" (a standard assistant greeting).\n    *   Intent:"	-38.26465427875519	-35.91525423526764	-3.188721189896265	-2.99293785293897	12	12	-38.26465427875519	-35.91525423526764	-3.188721189896265	-2.99293785293897	-2.349400043487549	-0.1957833369572954	False	True
just	discourse_particle	0	1157	just	h	Is there something I can help you with?	No, I'm just browsing. Thanks anyway.	No, I'm browsing. Thanks anyway.	Ok.	0.2506633094	P_prime	No, I'm browsing. Thanks anyway.	nucleus	chat	0.9	1.0	20260416	360242329	50	1	500	1	1	Thinking Process:	thinking process:	"Thinking Process:\n\n1.  **Analyze the User's Input:**\n    *   Input: ""No, I'm browsing. Thanks anyway.""\n    *   Context: The user previously asked ""Is there something I can help you with?"" (Wait, looking back at the conversation history provided in the prompt"	-38.26465427875519	-35.91525423526764	-3.188721189896265	-2.99293785293897	12	12	-35.91525423526764	-38.26465427875519	-2.99293785293897	-3.188721189896265	2.349400043487549	0.1957833369572954	True	True
just	discourse_particle	1	5467	just	h	I want to leave the motorbike outdoors.	Fine, just don't do it at night.	Fine, don't do it at night.	Why not?	0.2215410698	P	Fine, just don't do it at night.	nucleus	chat	0.9	1.0	20260416	300184065	50	2	500	1	1	Thinking Process:	thinking process:	"Thinking Process:\n\n1.  **Analyze the Request:**\n    *   User's initial statement: ""I want to leave the motorbike outdoors.""\n    *   Assistant's response (first turn, implicit): The user is actually playing a role-playing game or continuing a conversation where the assistant previously agreed or"	-37.08540523052216	-38.31698417663574	-3.0904504358768463	-3.193082014719645	12	12	-37.08540523052216	-38.31698417663574	-3.0904504358768463	-3.193082014719645	1.2315789461135864	0.1026315788427987	True	True
just	discourse_particle	1	5467	just	h	I want to leave the motorbike outdoors.	Fine, just don't do it at night.	Fine, don't do it at night.	Why not?	0.2215410698	P	Fine, just don't do it at night.	nucleus	chat	0.9	1.0	20260416	300184065	50	2	500	2	2	Here's a thinking process that leads to the suggested response:	here's a thinking process that leads to the suggested response:	Here's a thinking process that leads to the suggested response:\n\n1.  **Analyze the User's Input:**\n    *   **Context:** The user previously stated they want to leave a motorbike outdoors.\n    *   **My Previous (implied) Response:** I don't have access to the	-36.72342872619629	-38.43396079540253	-1.7487347012474423	-1.8301886093048825	21	21	-36.72342872619629	-38.43396079540253	-1.7487347012474423	-1.8301886093048825	1.7105320692062378	0.0814539080574399	True	True
just	discourse_particle	1	5467	just	h	I want to leave the motorbike outdoors.	Fine, just don't do it at night.	Fine, don't do it at night.	Why not?	0.2215410698	P_prime	Fine, don't do it at night.	nucleus	chat	0.9	1.0	20260416	324136827	50	2	500	1	1	Here's a thinking process that leads to the suggested response:	here's a thinking process that leads to the suggested response:	"Here's a thinking process that leads to the suggested response:\n\n1.  **Analyze the Request:**\n    *   **User's Initial Statement:** ""I want to leave the motorbike outdoors."" (Intention: Park a motorcycle outside.)\n    *   **Assistant's Response (in the prompt):**"	-36.72342872619629	-38.43396079540253	-1.7487347012474423	-1.8301886093048825	21	21	-38.43396079540253	-36.72342872619629	-1.8301886093048825	-1.7487347012474423	-1.7105320692062378	-0.0814539080574399	False	True
just	discourse_particle	1	5467	just	h	I want to leave the motorbike outdoors.	Fine, just don't do it at night.	Fine, don't do it at night.	Why not?	0.2215410698	P_prime	Fine, don't do it at night.	nucleus	chat	0.9	1.0	20260416	324136827	50	2	500	2	2	Thinking Process:	thinking process:	"Thinking Process:\n\n1.  **Analyze the User's Input:**\n    *   Context: The user previously stated ""I want to leave the motorbike outdoors.""\n    *   Current Input: ""Fine, don't do it at night.""\n    *   Tone: The tone seems slightly dismissive"	-37.08540523052216	-38.31698417663574	-3.0904504358768463	-3.193082014719645	12	12	-38.31698417663574	-37.08540523052216	-3.193082014719645	-3.0904504358768463	-1.2315789461135864	-0.1026315788427987	False	True
just	discourse_particle	2	2485	just	h	I'm looking for some fresh produce that's on sale.	Well, we just got in some mangoes.	Well, we got in some mangoes.	Mangoes. What are they?	0.2148120636	P	Well, we just got in some mangoes.	nucleus	chat	0.9	1.0	20260416	1930045820	50	1	500	1	1	Thinking Process:	thinking process:	"Thinking Process:\n\n1.  **Analyze the User's Input:**\n    *   User: ""I'm looking for some fresh produce that's on sale.""\n    *   Assistant (in the conversation history): ""Well, we just got in some mangoes."" (Wait, looking at the provided conversation"	-42.00377011299133	-41.242018699646	-3.500314176082611	-3.4368348916371665	12	12	-42.00377011299133	-41.242018699646	-3.500314176082611	-3.4368348916371665	-0.7617514133453369	-0.0634792844454446	False	True
just	discourse_particle	2	2485	just	h	I'm looking for some fresh produce that's on sale.	Well, we just got in some mangoes.	Well, we got in some mangoes.	Mangoes. What are they?	0.2148120636	P_prime	Well, we got in some mangoes.	nucleus	chat	0.9	1.0	20260416	696847440	50	1	500	1	1	Thinking Process:	thinking process:	"Thinking Process:\n\n1.  **Analyze the User's Input:**\n    *   Context: The user previously stated they are looking for fresh produce on sale.\n    *   Current Input: ""Well, we got in some mangoes.""\n    *   Tone: Informative, slightly conversational ("	-42.00377011299133	-41.242018699646	-3.500314176082611	-3.4368348916371665	12	12	-41.242018699646	-42.00377011299133	-3.4368348916371665	-3.500314176082611	0.7617514133453369	0.0634792844454446	True	True
just	discourse_particle	3	2798	just	h	Hello, sir. Is there anything I can help you find?	Um ... Uh ... I'm just looking, thanks.	Um ... Uh ... I'm looking, thanks.	Need a gift for your girlfriend or wife?	0.2090342589	P	Um ... Uh ... I'm just looking, thanks.	nucleus	chat	0.9	1.0	20260416	637051153	50	1	500	1	1	Thinking Process:	thinking process:	"Thinking Process:\n\n1.  **Analyze the User's Input:**\n    *   Input: ""Um ... Uh ... I'm just looking, thanks.""\n    *   Context: The user is responding to my greeting (""Hello, sir. Is there anything I can help you find?""). This suggests a"	-38.52498114109039	-35.50110733509064	-3.210415095090866	-2.958425611257553	12	12	-38.52498114109039	-35.50110733509064	-3.210415095090866	-2.958425611257553	-3.023873805999756	-0.251989483833313	False	True
just	discourse_particle	3	2798	just	h	Hello, sir. Is there anything I can help you find?	Um ... Uh ... I'm just looking, thanks.	Um ... Uh ... I'm looking, thanks.	Need a gift for your girlfriend or wife?	0.2090342589	P_prime	Um ... Uh ... I'm looking, thanks.	nucleus	chat	0.9	1.0	20260416	1341548776	50	1	500	1	1	Thinking Process:	thinking process:	"Thinking Process:\n\n1.  **Analyze the User's Input:**\n    *   Input: ""Um ... Uh ... I'm looking, thanks.""\n    *   Context: The user is responding to a retail assistant's greeting (""Hello, sir. Is there anything I can help you find?"").\n"	-38.52498114109039	-35.50110733509064	-3.210415095090866	-2.958425611257553	12	12	-35.50110733509064	-38.52498114109039	-2.958425611257553	-3.210415095090866	3.023873805999756	0.251989483833313	True	True
just	discourse_particle	4	1627	just	h	Excuse me, do you have the latest issue of Newsworld?	Yes, this week's issue just came in. Here it is.	Yes, this week's issue came in. Here it is.	How about Music Madness?	0.1792817397	P	Yes, this week's issue just came in. Here it is.	nucleus	chat	0.9	1.0	20260416	263988285	50	1	500	1	1	Thinking Process:	thinking process:	"Thinking Process:\n\n1.  **Analyze the Request:**\n    *   **User:** ""Excuse me, do you have the latest issue of Newsworld?"" (Previous turn)\n    *   **Assistant (me in this roleplay):** ""Yes, this week's issue just came in."	-28.944195985794067	-28.94486534595489	-2.4120163321495056	-2.412072112162908	12	12	-28.944195985794067	-28.94486534595489	-2.4120163321495056	-2.412072112162908	0.0006693601608276	5.578001340245109e-05	True	True
just	discourse_particle	4	1627	just	h	Excuse me, do you have the latest issue of Newsworld?	Yes, this week's issue just came in. Here it is.	Yes, this week's issue came in. Here it is.	How about Music Madness?	0.1792817397	P_prime	Yes, this week's issue came in. Here it is.	nucleus	chat	0.9	1.0	20260416	1787927816	50	1	500	1	1	Thinking Process:	thinking process:	"Thinking Process:\n\n1.  **Analyze the Request:**\n    *   User: ""Excuse me, do you have the latest issue of Newsworld?"" (Asking for something)\n    *   Assistant (me, in this role-play): ""Yes, this week's issue came in."	-28.944195985794067	-28.94486534595489	-2.4120163321495056	-2.412072112162908	12	12	-28.94486534595489	-28.944195985794067	-2.412072112162908	-2.4120163321495056	-0.0006693601608276	-5.578001340245109e-05	False	True
just	discourse_particle	5	4508	just	h	Mom, have we got any cookies?	Cookies? You just ate an hour ago.	Cookies? You ate an hour ago.	I know, but I'm hungry.	0.169335782	P	Cookies? You just ate an hour ago.	nucleus	chat	0.9	1.0	20260416	764121417	50	1	500	1	1	Thinking Process:	thinking process:	"Thinking Process:\n\n1.  **Analyze the Request:**\n    *   Input: ""Mom, have we got any cookies?""\n    *   Response: ""Cookies? You just ate an hour ago.""\n    *   Task: The user is role-playing a child asking their parent (me, the"	-36.37251102924347	-36.82188582420349	-3.031042585770289	-3.068490485350291	12	12	-36.37251102924347	-36.82188582420349	-3.031042585770289	-3.068490485350291	0.449374794960022	0.0374478995800018	True	True
just	discourse_particle	5	4508	just	h	Mom, have we got any cookies?	Cookies? You just ate an hour ago.	Cookies? You ate an hour ago.	I know, but I'm hungry.	0.169335782	P_prime	Cookies? You ate an hour ago.	nucleus	chat	0.9	1.0	20260416	763385165	50	1	500	1	1	Thinking Process:	thinking process:	"Thinking Process:\n\n1.  **Analyze the Input:**\n    *   User: ""Mom, have we got any cookies?"" (Child asking parent for food)\n    *   Assistant (acting as Mom): ""Cookies? You ate an hour ago."" (Parent reminding child of previous consumption)\n\n2"	-36.37251102924347	-36.82188582420349	-3.031042585770289	-3.068490485350291	12	12	-36.82188582420349	-36.37251102924347	-3.068490485350291	-3.031042585770289	-0.449374794960022	-0.0374478995800018	False	True
just	discourse_particle	6	638	just	h	Hello, do you have any vacancies?	Yes, something just opened up.	Yes, something opened up.	What kind of apartment is it?	0.1475478851	P	Yes, something just opened up.	nucleus	chat	0.9	1.0	20260416	643568008	50	1	500	1	1	Thinking Process:	thinking process:	"Thinking Process:\n\n1.  **Analyze the Request:**\n    *   User: ""Hello, do you have any vacancies?"" (Initial greeting and inquiry)\n    *   Assistant (Previous Turn): ""Yes, something just opened up."" (Acknowledgment and confirmation of opportunity)\n    *   Current"	-35.807584047317505	-35.351497769355774	-2.9839653372764587	-2.9459581474463143	12	12	-35.807584047317505	-35.351497769355774	-2.9839653372764587	-2.9459581474463143	-0.4560862779617309	-0.0380071898301443	False	True
just	discourse_particle	6	638	just	h	Hello, do you have any vacancies?	Yes, something just opened up.	Yes, something opened up.	What kind of apartment is it?	0.1475478851	P_prime	Yes, something opened up.	nucleus	chat	0.9	1.0	20260416	410688287	50	1	500	1	1	Thinking Process:	thinking process:	"Thinking Process:\n\n1.  **Analyze the Request:**\n    *   User: ""Hello, do you have any vacancies?"" (Initial query)\n    *   Model: ""Yes, something opened up."" (Response to initial query)\n    *   Current User Input: ""Yes, something opened"	-35.807584047317505	-35.351497769355774	-2.9839653372764587	-2.9459581474463143	12	12	-35.351497769355774	-35.807584047317505	-2.9459581474463143	-2.9839653372764587	0.4560862779617309	0.0380071898301443	True	True
just	discourse_particle	7	8659	just	h	wow! You're going to Tibet?	Yes, my brothe and I are going. We just finished making our itinerary.	Yes, my brothe and I are going. We finished making our itinerary.	that's really cool! I've always dreamed of going somewhere like Tibet, seeing something unique.	0.1248743342	P	Yes, my brothe and I are going. We just finished making our itinerary.	nucleus	chat	0.9	1.0	20260416	689046235	50	1	500	1	1	Thinking Process:	thinking process:	"Thinking Process:\n\n1.  **Analyze the User's Input:**\n    *   Statement: ""Yes, my brothe and I are going. We just finished making our itinerary.""\n    *   Context: The user is confirming they are traveling to Tibet with their brother and that they have finalized their plans"	-38.48690152168274	-38.80625820159912	-3.2072417934735618	-3.23385485013326	12	12	-38.48690152168274	-38.80625820159912	-3.2072417934735618	-3.23385485013326	0.3193566799163818	0.0266130566596984	True	True
just	discourse_particle	7	8659	just	h	wow! You're going to Tibet?	Yes, my brothe and I are going. We just finished making our itinerary.	Yes, my brothe and I are going. We finished making our itinerary.	that's really cool! I've always dreamed of going somewhere like Tibet, seeing something unique.	0.1248743342	P_prime	Yes, my brothe and I are going. We finished making our itinerary.	nucleus	chat	0.9	1.0	20260416	731961117	50	1	500	1	1	Thinking Process:	thinking process:	"Thinking Process:\n\n1.  **Analyze the User's Input:**\n    *   User says: ""Yes, my brothe and I are going. We finished making our itinerary.""\n    *   Context: The user was previously asked if they were going to Tibet (inferred from my previous turn """	-38.48690152168274	-38.80625820159912	-3.2072417934735618	-3.23385485013326	12	12	-38.80625820159912	-38.48690152168274	-3.23385485013326	-3.2072417934735618	-0.3193566799163818	-0.0266130566596984	False	True
just	discourse_particle	8	6078	just	h	Steven, why are you so depressed?	I'm feeling very sad. I just read the newspaper.	I'm feeling very sad. I read the newspaper.	What's the news?	0.1190309152	P	I'm feeling very sad. I just read the newspaper.	nucleus	chat	0.9	1.0	20260416	1299744815	50	2	500	1	1	Thinking Process:	thinking process:	"Thinking Process:\n\n1.  **Analyze the Request:**\n    *   **User:** ""Steven, why are you so depressed? I'm feeling very sad. I just read the newspaper.""\n    *   **Context:** The user is addressing me as ""Steven"". They are expressing sadness, attributing"	-37.53553378582001	-36.09482133388519	-3.127961148818334	-3.007901777823766	12	12	-37.53553378582001	-36.09482133388519	-3.127961148818334	-3.007901777823766	-1.4407124519348145	-0.1200593709945678	False	True
just	discourse_particle	8	6078	just	h	Steven, why are you so depressed?	I'm feeling very sad. I just read the newspaper.	I'm feeling very sad. I read the newspaper.	What's the news?	0.1190309152	P	I'm feeling very sad. I just read the newspaper.	nucleus	chat	0.9	1.0	20260416	1299744815	50	2	500	3	2	Here's a thinking process that leads to the suggested response:	here's a thinking process that leads to the suggested response:	"Here's a thinking process that leads to the suggested response:\n\n1.  **Analyze the User's Input:**\n    *   **User:** ""I'm feeling very sad. I just read the newspaper.""\n    *   **Context:** The previous prompt was ""Steven, why are you so depressed?"""	-31.72534954547882	-30.896915793418884	-1.5107309307370866	-1.4712817044485182	21	21	-31.72534954547882	-30.896915793418884	-1.5107309307370866	-1.4712817044485182	-0.8284337520599365	-0.0394492262885683	False	True
just	discourse_particle	8	6078	just	h	Steven, why are you so depressed?	I'm feeling very sad. I just read the newspaper.	I'm feeling very sad. I read the newspaper.	What's the news?	0.1190309152	P_prime	I'm feeling very sad. I read the newspaper.	nucleus	chat	0.9	1.0	20260416	1672455180	50	2	500	1	1	Thinking Process:	thinking process:	"Thinking Process:\n\n1.  **Analyze the Request:**\n    *   **User:** ""Steven, why are you so depressed? I'm feeling very sad. I read the newspaper.""\n    *   **Context:** This is a roleplay or a scenario where the user is addressing *me* as"	-37.53553378582001	-36.09482133388519	-3.127961148818334	-3.007901777823766	12	12	-36.09482133388519	-37.53553378582001	-3.007901777823766	-3.127961148818334	1.4407124519348145	0.1200593709945678	True	True
just	discourse_particle	8	6078	just	h	Steven, why are you so depressed?	I'm feeling very sad. I just read the newspaper.	I'm feeling very sad. I read the newspaper.	What's the news?	0.1190309152	P_prime	I'm feeling very sad. I read the newspaper.	nucleus	chat	0.9	1.0	20260416	1672455180	50	2	500	7	2	Here's a thinking process that leads to the suggested response:	here's a thinking process that leads to the suggested response:	"Here's a thinking process that leads to the suggested response:\n\n1.  **Analyze the User's Input:**\n    *   **Context:** The user is role-playing or continuing a conversation where they identify as ""Steven"" (based on the previous prompt asking ""Steven, why are you so depressed?"")."	-31.72534954547882	-30.896915793418884	-1.5107309307370866	-1.4712817044485182	21	21	-30.896915793418884	-31.72534954547882	-1.4712817044485182	-1.5107309307370866	0.8284337520599365	0.0394492262885683	True	True
just	discourse_particle	9	9954	just	h	I made a reservation three days ago.My name is George Smith.	Just a moment, please.Yes, I can let you have Room 560 with a view of the sea.	A moment, please.Yes, I can let you have Room 560 with a view of the sea.	That's very kind of you.	0.1184268641	P	Just a moment, please.Yes, I can let you have Room 560 with a view of the sea.	nucleus	chat	0.9	1.0	20260416	596717100	50	1	500	1	1	Thinking Process:	thinking process:	"Thinking Process:\n\n1.  **Analyze the Input:**\n    *   User's previous turn: ""I made a reservation three days ago.My name is George Smith.""\n    *   Assistant's (User's role in this context) response: ""Just a moment, please.Yes, I can let you"	-31.98518419265747	-32.454612731933594	-2.665432016054789	-2.7045510609944663	12	12	-31.98518419265747	-32.454612731933594	-2.665432016054789	-2.7045510609944663	0.469428539276123	0.0391190449396772	True	True
just	discourse_particle	9	9954	just	h	I made a reservation three days ago.My name is George Smith.	Just a moment, please.Yes, I can let you have Room 560 with a view of the sea.	A moment, please.Yes, I can let you have Room 560 with a view of the sea.	That's very kind of you.	0.1184268641	P_prime	A moment, please.Yes, I can let you have Room 560 with a view of the sea.	nucleus	chat	0.9	1.0	20260416	1406087641	50	1	500	1	1	Thinking Process:	thinking process:	"Thinking Process:\n\n1.  **Analyze the Input:**\n    *   User: ""I made a reservation three days ago. My name is George Smith."" (This seems to be the first message from a customer, but in this conversation, it's presented as the *assistant's* previous turn in the"	-31.98518419265747	-32.454612731933594	-2.665432016054789	-2.7045510609944663	12	12	-32.454612731933594	-31.98518419265747	-2.7045510609944663	-2.665432016054789	-0.469428539276123	-0.0391190449396772	False	True
just	discourse_particle	10	5138	just	h	Do you mind if I ask your friend out?	Of course, but we aren't going out, we're just friends.	Of course, but we aren't going out, we're friends.	Okay, that's good.	0.1151122086	P	Of course, but we aren't going out, we're just friends.	nucleus	chat	0.9	1.0	20260416	1538830971	50	1	500	1	1	Thinking Process:	thinking process:	"Thinking Process:\n\n1.  **Analyze the Input:**\n    *   User's first message: ""Do you mind if I ask your friend out?"" (This is a roleplay scenario where the AI is being asked to give permission or react to a social situation involving the AI's ""friend"".)\n"	-36.94219791889191	-36.19431841373444	-3.078516493240992	-3.0161932011445365	12	12	-36.94219791889191	-36.19431841373444	-3.078516493240992	-3.0161932011445365	-0.7478795051574707	-0.0623232920964555	False	True
just	discourse_particle	10	5138	just	h	Do you mind if I ask your friend out?	Of course, but we aren't going out, we're just friends.	Of course, but we aren't going out, we're friends.	Okay, that's good.	0.1151122086	P_prime	Of course, but we aren't going out, we're friends.	nucleus	chat	0.9	1.0	20260416	2037838052	50	1	500	1	1	Thinking Process:	thinking process:	"Thinking Process:\n\n1.  **Analyze the Request:**\n    *   User's first message: ""Do you mind if I ask your friend out?""\n    *   Assistant's second message (labeled as user in the prompt, but actually the model's output context): ""Of course, but we"	-36.94219791889191	-36.19431841373444	-3.078516493240992	-3.0161932011445365	12	12	-36.19431841373444	-36.94219791889191	-3.0161932011445365	-3.078516493240992	0.7478795051574707	0.0623232920964555	True	True
just	discourse_particle	11	498	just	h	I'm hungry. Do we have anything to eat?	Just a few cookies.	A few cookies.	That's fine with me.	0.1138695549	P	Just a few cookies.	nucleus	chat	0.9	1.0	20260416	120856176	50	1	500	1	1	Thinking Process:	thinking process:	"Thinking Process:\n\n1.  **Analyze the Input:**\n    *   User: ""Just a few cookies."" (This is a response to my previous statement ""I'm hungry. Do we have anything to eat?"")\n    *   Context: The user is indicating the available food option (cookies)."	-38.62084305286408	-39.8154661655426	-3.2184035877386727	-3.317955513795217	12	12	-38.62084305286408	-39.8154661655426	-3.2184035877386727	-3.317955513795217	1.1946231126785278	0.0995519260565442	True	True
just	discourse_particle	11	498	just	h	I'm hungry. Do we have anything to eat?	Just a few cookies.	A few cookies.	That's fine with me.	0.1138695549	P_prime	A few cookies.	nucleus	chat	0.9	1.0	20260416	466438776	50	1	500	1	1	Thinking Process:	thinking process:	"Thinking Process:\n\n1.  **Analyze the Request:**\n    *   User's previous message: ""I'm hungry. Do we have anything to eat?""\n    *   My response: ""A few cookies."" (This is the user's input *to* me in the current turn, wait,"	-38.62084305286408	-39.8154661655426	-3.2184035877386727	-3.317955513795217	12	12	-39.8154661655426	-38.62084305286408	-3.317955513795217	-3.2184035877386727	-1.1946231126785278	-0.0995519260565442	False	True
just	discourse_particle	12	7769	just	h	What's up? You look depressed.	I just had a quarrel with him.	I had a quarrel with him.	Would you rather I taught him a lesson for you?	0.06309096508	P	I just had a quarrel with him.	nucleus	chat	0.9	1.0	20260416	109191225	50	2	500	1	1	Thinking Process:	thinking process:	"Thinking Process:\n\n1.  **Analyze the User's Input:**\n    *   **Context:** The user started with ""What's up? You look depressed."" (This seems like a role-play or a conversational opener where *I* was accused of looking depressed, but the user is now revealing *"	-38.54183924198151	-38.4926826953888	-3.2118199368317923	-3.207723557949066	12	12	-38.54183924198151	-38.4926826953888	-3.2118199368317923	-3.207723557949066	-0.0491565465927124	-0.0040963788827261	False	True
just	discourse_particle	12	7769	just	h	What's up? You look depressed.	I just had a quarrel with him.	I had a quarrel with him.	Would you rather I taught him a lesson for you?	0.06309096508	P	I just had a quarrel with him.	nucleus	chat	0.9	1.0	20260416	109191225	50	2	500	4	2	Here's a thinking process that leads to the suggested response:	here's a thinking process that leads to the suggested response:	"Here's a thinking process that leads to the suggested response:\n\n1.  **Analyze the User's Input:**\n    *   **Context:** The user previously said, ""What's up? You look depressed."" (This was actually *me* (the AI) being misinterpreted or roleplaying, but"	-37.659648060798645	-37.2931923866272	-1.793316574323745	-1.7758663041251046	21	21	-37.659648060798645	-37.2931923866272	-1.793316574323745	-1.7758663041251046	-0.3664556741714477	-0.0174502701986403	False	True
just	discourse_particle	12	7769	just	h	What's up? You look depressed.	I just had a quarrel with him.	I had a quarrel with him.	Would you rather I taught him a lesson for you?	0.06309096508	P_prime	I had a quarrel with him.	nucleus	chat	0.9	1.0	20260416	2087203488	50	2	500	1	1	Thinking Process:	thinking process:	"Thinking Process:\n\n1.  **Analyze the User's Input:**\n    *   **Context:** The user previously stated ""I had a quarrel with him."" This follows my initial greeting ""What's up? You look depressed."" (Note: I am an AI, so I can't actually ""look"	-38.54183924198151	-38.4926826953888	-3.2118199368317923	-3.207723557949066	12	12	-38.4926826953888	-38.54183924198151	-3.207723557949066	-3.2118199368317923	0.0491565465927124	0.0040963788827261	True	True
just	discourse_particle	12	7769	just	h	What's up? You look depressed.	I just had a quarrel with him.	I had a quarrel with him.	Would you rather I taught him a lesson for you?	0.06309096508	P_prime	I had a quarrel with him.	nucleus	chat	0.9	1.0	20260416	2087203488	50	2	500	3	2	Here's a thinking process that leads to the suggested response:	here's a thinking process that leads to the suggested response:	Here's a thinking process that leads to the suggested response:\n\n1.  **Analyze the User's Input:**\n    *   **Context:** The user started the conversation by asking me (the AI) if *they* look depressed (a role reversal or a test), but now they've revealed the *	-37.659648060798645	-37.2931923866272	-1.793316574323745	-1.7758663041251046	21	21	-37.2931923866272	-37.659648060798645	-1.7758663041251046	-1.793316574323745	0.3664556741714477	0.0174502701986403	True	True
just	discourse_particle	13	12718	just	h	Hello Mr Waterstone, what can I do for you today?	Hello, Becky. Well, you see, I have this thing here, called a Fixed Deposit Certificate, and I've just noticed the date on it.	Hello, Becky. Well, you see, I have this thing here, called a Fixed Deposit Certificate, and I've noticed the date on it.	Oh, I see. You have two choices here you can either redeem or renew.	0.06188520231	P	Hello, Becky. Well, you see, I have this thing here, called a Fixed Deposit Certificate, and I've just noticed the date on it.	nucleus	chat	0.9	1.0	20260416	648913278	50	1	500	1	1	Thinking Process:	thinking process:	"Thinking Process:\n\n1.  **Analyze the User's Input:**\n    *   **User:** ""Hello, Becky. Well, you see, I have this thing here, called a Fixed Deposit Certificate, and I've just noticed the date on it.""\n    *   **Character:** The user is"	-33.83542251586914	-32.75978255271912	-2.819618542989095	-2.7299818793932595	12	12	-33.83542251586914	-32.75978255271912	-2.819618542989095	-2.7299818793932595	-1.0756399631500244	-0.0896366635958356	False	True
just	discourse_particle	13	12718	just	h	Hello Mr Waterstone, what can I do for you today?	Hello, Becky. Well, you see, I have this thing here, called a Fixed Deposit Certificate, and I've just noticed the date on it.	Hello, Becky. Well, you see, I have this thing here, called a Fixed Deposit Certificate, and I've noticed the date on it.	Oh, I see. You have two choices here you can either redeem or renew.	0.06188520231	P_prime	Hello, Becky. Well, you see, I have this thing here, called a Fixed Deposit Certificate, and I've noticed the date on it.	nucleus	chat	0.9	1.0	20260416	273540681	50	1	500	1	1	Thinking Process:	thinking process:	Thinking Process:\n\n1.  **Analyze the Request:**\n    *   **User:** Mr. Waterstone (a customer persona).\n    *   **Assistant:** Becky (a bank employee persona).\n    *   **Context:** Mr. Waterstone is showing a Fixed Deposit Certificate (FDC)	-33.83542251586914	-32.75978255271912	-2.819618542989095	-2.7299818793932595	12	12	-32.75978255271912	-33.83542251586914	-2.7299818793932595	-2.819618542989095	1.0756399631500244	0.0896366635958356	True	True
just	discourse_particle	14	8242	just	h	Hello.this is Susan.	Hello, I’m Mark. I’m just wondering if you are free this weekend	Hello, I’m Mark. I’m wondering if you are free this weekend	Yes, I think So.	0.03103196315	P	Hello, I’m Mark. I’m just wondering if you are free this weekend	nucleus	chat	0.9	1.0	20260416	1150145861	50	1	500	1	1	Thinking Process:	thinking process:	"Thinking Process:\n\n1.  **Analyze the Request:**\n    *   User: Mark\n    *   My Identity: Susan (based on the first message ""Hello.this is Susan."" - wait, I need to check the context. The first message was from the *user* pretending to be Susan?"	-29.82625138759613	-29.81452715396881	-2.4855209489663443	-2.4845439294974008	12	12	-29.82625138759613	-29.81452715396881	-2.4855209489663443	-2.4845439294974008	-0.0117242336273193	-0.0009770194689435	False	True
just	discourse_particle	14	8242	just	h	Hello.this is Susan.	Hello, I’m Mark. I’m just wondering if you are free this weekend	Hello, I’m Mark. I’m wondering if you are free this weekend	Yes, I think So.	0.03103196315	P_prime	Hello, I’m Mark. I’m wondering if you are free this weekend	nucleus	chat	0.9	1.0	20260416	1494994628	50	1	500	1	1	Thinking Process:	thinking process:	"Thinking Process:\n\n1.  **Analyze the Input:**\n    *   User: ""Hello, I’m Mark. I’m wondering if you are free this weekend""\n    *   Context: The user is addressing me as if I were a person named Susan (based on my initial introduction ""Hello.this"	-29.82625138759613	-29.81452715396881	-2.4855209489663443	-2.4845439294974008	12	12	-29.81452715396881	-29.82625138759613	-2.4845439294974008	-2.4855209489663443	0.0117242336273193	0.0009770194689435	True	True
just	discourse_particle	15	8890	just	h	Wow! What’s the hold up?	It’s probably just people trying to get an early start out of the city for the weekend. Nobody sticks around in the summer.	It’s probably people trying to get an early start out of the city for the weekend. Nobody sticks around in the summer.	Really? Then, I guess I won’t have a hard time finding a room or getting a cab?	0.02979903111	P	It’s probably just people trying to get an early start out of the city for the weekend. Nobody sticks around in the summer.	nucleus	chat	0.9	1.0	20260416	630435001	50	1	500	1	1	Thinking Process:	thinking process:	"Thinking Process:\n\n1.  **Analyze the User's Input:**\n    *   **Statement:** ""It’s probably just people trying to get an early start out of the city for the weekend. Nobody sticks around in the summer.""\n    *   **Context:** The user is responding to my previous ("	-36.51013052463532	-37.46960473060608	-3.0425108770529428	-3.12246706088384	12	12	-36.51013052463532	-37.46960473060608	-3.0425108770529428	-3.12246706088384	0.9594742059707642	0.0799561838308973	True	True
just	discourse_particle	15	8890	just	h	Wow! What’s the hold up?	It’s probably just people trying to get an early start out of the city for the weekend. Nobody sticks around in the summer.	It’s probably people trying to get an early start out of the city for the weekend. Nobody sticks around in the summer.	Really? Then, I guess I won’t have a hard time finding a room or getting a cab?	0.02979903111	P_prime	It’s probably people trying to get an early start out of the city for the weekend. Nobody sticks around in the summer.	nucleus	chat	0.9	1.0	20260416	1866944267	50	1	500	1	1	Thinking Process:	thinking process:	Thinking Process:\n\n1.  **Analyze the User's Input:**\n    *   **Context:** The user is responding to a previous (implied) comment about traffic or a delay. They are explaining *why* there might be a hold up (people leaving the city early for the weekend).\n   	-36.51013052463532	-37.46960473060608	-3.0425108770529428	-3.12246706088384	12	12	-37.46960473060608	-36.51013052463532	-3.12246706088384	-3.0425108770529428	-0.9594742059707642	-0.0799561838308973	False	True
just	discourse_particle	16	10613	just	h	Oh, I think I broke my leg.__eou__Here, sir. Sit down in this wheel chair.__eou__Thanks.	The doctor will be with you in a moment. I just need to ask you a few questions.	The doctor will be with you in a moment. I need to ask you a few questions.	All right.	0.02979191874	P	The doctor will be with you in a moment. I just need to ask you a few questions.	nucleus	chat	0.9	1.0	20260416	790132061	50	1	500	1	1	Thinking Process:	thinking process:	"Thinking Process:\n\n1.  **Analyze the Request:**\n    *   Input: A user statement (""The doctor will be with you in a moment. I just need to ask you a few questions."")\n    *   Context: The user is roleplaying as a nurse or hospital staff member. The previous"	-30.551244735717773	-30.2949298620224	-2.5459370613098145	-2.524577488501867	12	12	-30.551244735717773	-30.2949298620224	-2.5459370613098145	-2.524577488501867	-0.2563148736953735	-0.0213595728079476	False	True
just	discourse_particle	16	10613	just	h	Oh, I think I broke my leg.__eou__Here, sir. Sit down in this wheel chair.__eou__Thanks.	The doctor will be with you in a moment. I just need to ask you a few questions.	The doctor will be with you in a moment. I need to ask you a few questions.	All right.	0.02979191874	P_prime	The doctor will be with you in a moment. I need to ask you a few questions.	nucleus	chat	0.9	1.0	20260416	1973543703	50	1	500	1	1	Thinking Process:	thinking process:	"Thinking Process:\n\n1.  **Analyze the Request:**\n    *   Input: ""The doctor will be with you in a moment. I need to ask you a few questions.""\n    *   Context: The user is role-playing a scenario where ""I"" (the AI) am pretending to be"	-30.551244735717773	-30.2949298620224	-2.5459370613098145	-2.524577488501867	12	12	-30.2949298620224	-30.551244735717773	-2.524577488501867	-2.5459370613098145	0.2563148736953735	0.0213595728079476	True	True
just	discourse_particle	17	6323	just	h	Hello, Chandler! How are you?__eou__Fine. And you?	Just so so. I am too tired. My company has been holding too many training sessions lately.	So so. I am too tired. My company has been holding too many training sessions lately.	That's good. Not Evey company provides employees with training opportunity. It seems that your company wants to further develop their employees and encouragelifelong learning.	0.02977460947	P	Just so so. I am too tired. My company has been holding too many training sessions lately.	nucleus	chat	0.9	1.0	20260416	319775943	50	1	500	1	1	Thinking Process:	thinking process:	"Thinking Process:\n\n1.  **Analyze the Request:**\n    *   **User:** Greets me as ""Chandler"" (from the TV show *Friends*). Complains about being tired due to too many company training sessions.\n    *   **My Role:** I need to adopt the persona of"	-29.450479984283447	-30.20728373527527	-2.454206665356954	-2.517273644606272	12	12	-29.450479984283447	-30.20728373527527	-2.454206665356954	-2.517273644606272	0.7568037509918213	0.0630669792493181	True	True
just	discourse_particle	17	6323	just	h	Hello, Chandler! How are you?__eou__Fine. And you?	Just so so. I am too tired. My company has been holding too many training sessions lately.	So so. I am too tired. My company has been holding too many training sessions lately.	That's good. Not Evey company provides employees with training opportunity. It seems that your company wants to further develop their employees and encouragelifelong learning.	0.02977460947	P_prime	So so. I am too tired. My company has been holding too many training sessions lately.	nucleus	chat	0.9	1.0	20260416	256165585	50	1	500	1	1	Thinking Process:	thinking process:	"Thinking Process:\n\n1.  **Analyze the User's Input:**\n    *   **Greeting:** The user started with ""Hello, Chandler!"" (referring to me as Chandler, likely roleplaying or confusing me with the character from *Friends*).\n    *   **Status:** ""So so."""	-29.450479984283447	-30.20728373527527	-2.454206665356954	-2.517273644606272	12	12	-30.20728373527527	-29.450479984283447	-2.517273644606272	-2.454206665356954	-0.7568037509918213	-0.0630669792493181	False	True
just	discourse_particle	18	4012	just	h	Are you ok, Chuck? You look pale.	I'm fine, Katherine. I just stayed up late last night working on my Chinese.	I'm fine, Katherine. I stayed up late last night working on my Chinese.	Oh, poor you. You know what? I found a new way to learn Chinese and it works very well.	0.02958361381	P	I'm fine, Katherine. I just stayed up late last night working on my Chinese.	nucleus	chat	0.9	1.0	20260416	369021288	50	1	500	1	1	Thinking Process:	thinking process:	"Thinking Process:\n\n1.  **Analyze the Input:**\n    *   **User:** ""I'm fine, Katherine. I just stayed up late last night working on my Chinese.""\n    *   **Context:** This is a dialogue. The user is responding to a previous turn (which I, as"	-40.373404145240784	-40.03883934020996	-3.364450345436732	-3.3365699450174966	12	12	-40.373404145240784	-40.03883934020996	-3.364450345436732	-3.3365699450174966	-0.3345648050308227	-0.0278804004192352	False	True
just	discourse_particle	18	4012	just	h	Are you ok, Chuck? You look pale.	I'm fine, Katherine. I just stayed up late last night working on my Chinese.	I'm fine, Katherine. I stayed up late last night working on my Chinese.	Oh, poor you. You know what? I found a new way to learn Chinese and it works very well.	0.02958361381	P_prime	I'm fine, Katherine. I stayed up late last night working on my Chinese.	nucleus	chat	0.9	1.0	20260416	730771479	50	1	500	1	1	Thinking Process:	thinking process:	Thinking Process:\n\n1.  **Analyze the Request:**\n    *   Input: A dialogue snippet between two characters, Chuck and Katherine.\n    *   User's Role: Katherine (the speaker of the second line).\n    *   Assistant's Role: I am not explicitly defined as a character in	-40.373404145240784	-40.03883934020996	-3.364450345436732	-3.3365699450174966	12	12	-40.03883934020996	-40.373404145240784	-3.3365699450174966	-3.364450345436732	0.3345648050308227	0.0278804004192352	True	True
just	discourse_particle	19	9268	just	h	Hi, Jane. How are you doing this morning?	I’m all right, thanks. Just a little tired.	I’m all right, thanks. A little tired.	Late night?	0.02913338124	P	I’m all right, thanks. Just a little tired.	nucleus	chat	0.9	1.0	20260416	276218034	50	1	500	1	1	Thinking Process:	thinking process:	"Thinking Process:\n\n1.  **Analyze the User's Input:**\n    *   User says: ""I'm all right, thanks. Just a little tired.""\n    *   Tone: Polite, slightly subdued (tired).\n    *   Context: Previous message was ""Hi, Jane."	-37.39506697654724	-37.97251427173615	-3.1162555813789368	-3.1643761893113456	12	12	-37.39506697654724	-37.97251427173615	-3.1162555813789368	-3.1643761893113456	0.5774472951889038	0.0481206079324088	True	True
just	discourse_particle	19	9268	just	h	Hi, Jane. How are you doing this morning?	I’m all right, thanks. Just a little tired.	I’m all right, thanks. A little tired.	Late night?	0.02913338124	P_prime	I’m all right, thanks. A little tired.	nucleus	chat	0.9	1.0	20260416	1497830624	50	1	500	1	1	Thinking Process:	thinking process:	"Thinking Process:\n\n1.  **Analyze the Input:**\n    *   User: ""I’m all right, thanks. A little tired.""\n    *   Context: The user (Jane, based on my previous greeting) is responding to my ""Good morning"" greeting.\n    *   Sentiment"	-37.39506697654724	-37.97251427173615	-3.1162555813789368	-3.1643761893113456	12	12	-37.97251427173615	-37.39506697654724	-3.1643761893113456	-3.1162555813789368	-0.5774472951889038	-0.0481206079324088	False	True
just	discourse_particle	20	788	just	h	Excuse me. Does this bus go by Tiananmen square?__eou__Yes, it does.__eou__At which stop should I get off?	There is a stop at Tiananmen Square. The stops will be announced on the bus both in English and Chinese. When the stop is coming, you just push the red button near the rear door if you want to get off.	There is a stop at Tiananmen Square. The stops will be announced on the bus both in English and Chinese. When the stop is coming, you push the red button near the rear door if you want to get off.	Okay, thanks very much.	0.02825611798	P	There is a stop at Tiananmen Square. The stops will be announced on the bus both in English and Chinese. When the stop is coming, you just push the red button near the rear door if you want to get off.	nucleus	chat	0.9	1.0	20260416	2008743974	50	1	500	1	1	Thinking Process:	thinking process:	Thinking Process:\n\n1.  **Analyze the Request:**\n    *   Input: A dialogue between a user (passenger) and an assistant (bus driver or information provider).\n    *   Context: The user asked about a bus going to Tiananmen Square, was told yes, asked where to	-30.43157708644867	-30.400644063949585	-2.535964757204056	-2.533387005329132	12	12	-30.43157708644867	-30.400644063949585	-2.535964757204056	-2.533387005329132	-0.0309330224990844	-0.0025777518749237	False	True
just	discourse_particle	20	788	just	h	Excuse me. Does this bus go by Tiananmen square?__eou__Yes, it does.__eou__At which stop should I get off?	There is a stop at Tiananmen Square. The stops will be announced on the bus both in English and Chinese. When the stop is coming, you just push the red button near the rear door if you want to get off.	There is a stop at Tiananmen Square. The stops will be announced on the bus both in English and Chinese. When the stop is coming, you push the red button near the rear door if you want to get off.	Okay, thanks very much.	0.02825611798	P_prime	There is a stop at Tiananmen Square. The stops will be announced on the bus both in English and Chinese. When the stop is coming, you push the red button near the rear door if you want to get off.	nucleus	chat	0.9	1.0	20260416	685056092	50	1	500	1	1	Thinking Process:	thinking process:	"Thinking Process:\n\n1.  **Analyze the Request:**\n    *   User: ""Excuse me. Does this bus go by Tiananmen square?"" (Initial query)\n    *   Model: ""Yes, it does."" (Response 1)\n    *   User: ""At which"	-30.43157708644867	-30.400644063949585	-2.535964757204056	-2.533387005329132	12	12	-30.400644063949585	-30.43157708644867	-2.533387005329132	-2.535964757204056	0.0309330224990844	0.0025777518749237	True	True
just	discourse_particle	21	5758	just	h	Do you like the Harry potter books and movies?__eou__Not really!__eou__Why not? They are very fun and exiting.	Maybe, but I think they are just for kids.	Maybe, but I think they are for kids.	No, that’s not true. Many adults like the Harry potter books too.	0.02806011798	P	Maybe, but I think they are just for kids.	nucleus	chat	0.9	1.0	20260416	1643388768	50	1	500	1	1	Thinking Process:	thinking process:	"Thinking Process:\n\n1.  **Analyze the User's Input:**\n    *   User's statement: ""Maybe, but I think they are just for kids.""\n    *   Context: Previous turns established the user doesn't really like Harry Potter books/movies. The user suggests they are perceived as """	-47.029388427734375	-46.31568205356598	-3.9191157023111978	-3.8596401711304975	12	12	-47.029388427734375	-46.31568205356598	-3.9191157023111978	-3.8596401711304975	-0.713706374168396	-0.0594755311806993	False	True
just	discourse_particle	21	5758	just	h	Do you like the Harry potter books and movies?__eou__Not really!__eou__Why not? They are very fun and exiting.	Maybe, but I think they are just for kids.	Maybe, but I think they are for kids.	No, that’s not true. Many adults like the Harry potter books too.	0.02806011798	P_prime	Maybe, but I think they are for kids.	nucleus	chat	0.9	1.0	20260416	2093126441	50	1	500	1	1	Thinking Process:	thinking process:	"Thinking Process:\n\n1.  **Analyze the User's Input:**\n    *   User's statement: ""Maybe, but I think they are for kids.""\n    *   Context: Previous exchange about liking Harry Potter books/movies. User initially said ""Not really!"", then when I asked why, they"	-47.029388427734375	-46.31568205356598	-3.9191157023111978	-3.8596401711304975	12	12	-46.31568205356598	-47.029388427734375	-3.8596401711304975	-3.9191157023111978	0.713706374168396	0.0594755311806993	True	True
just	discourse_particle	22	7873	just	h	How are you getting along with your wife now?__eou__What can you expect? Not that good.__eou__What are you going to do then?	Just let it go.	Let it go.	How are your work now?	0.02794625726	P	Just let it go.	nucleus	chat	0.9	1.0	20260416	1758322065	50	1	500	1	1	Thinking Process:	thinking process:	"Thinking Process:\n\n1.  **Analyze the User's Input:**\n    *   Context: The user is asking about their relationship with their wife (""How are you getting along with your wife now?"").\n    *   Previous Turn: The user responded ""What can you expect? Not that good."" ("	-39.11401212215424	-39.15216243267059	-3.25950101017952	-3.262680202722549	12	12	-39.11401212215424	-39.15216243267059	-3.25950101017952	-3.262680202722549	0.0381503105163574	0.0031791925430297	True	True
just	discourse_particle	22	7873	just	h	How are you getting along with your wife now?__eou__What can you expect? Not that good.__eou__What are you going to do then?	Just let it go.	Let it go.	How are your work now?	0.02794625726	P_prime	Let it go.	nucleus	chat	0.9	1.0	20260416	1591758340	50	2	500	1	1	Thinking Process:	thinking process:	"Thinking Process:\n\n1.  **Analyze the Input:**\n    *   User's previous message: ""Let it go.""\n    *   Context: The conversation started with me (the AI) asking ""How are you getting along with your wife now?"" (Note: This was an inappropriate/unclear"	-39.11401212215424	-39.15216243267059	-3.25950101017952	-3.262680202722549	12	12	-39.15216243267059	-39.11401212215424	-3.262680202722549	-3.25950101017952	-0.0381503105163574	-0.0031791925430297	False	True
just	discourse_particle	22	7873	just	h	How are you getting along with your wife now?__eou__What can you expect? Not that good.__eou__What are you going to do then?	Just let it go.	Let it go.	How are your work now?	0.02794625726	P_prime	Let it go.	nucleus	chat	0.9	1.0	20260416	1591758340	50	2	500	37	2	Here's a thinking process that leads to the suggested response:	here's a thinking process that leads to the suggested response:	"Here's a thinking process that leads to the suggested response:\n\n1.  **Analyze the User's Input:**\n    *   **Context:** The conversation is about the user's relationship with their wife.\n    *   **Previous Turn:** The user asked me (the AI), ""How are you getting"	-32.68303668498993	-33.200088024139404	-1.5563350802376157	-1.5809565725780668	21	21	-33.200088024139404	-32.68303668498993	-1.5809565725780668	-1.5563350802376157	-0.5170513391494751	-0.024621492340451	False	True
just	discourse_particle	23	2141	just	h	I am sorry for damaging your car, sir.	Don't worry about it. Just leave it to the insurance companies.	Don't worry about it. Leave it to the insurance companies.	The car park in this community is over crowded, isn't it?	0.02786302372	P	Don't worry about it. Just leave it to the insurance companies.	nucleus	chat	0.9	1.0	20260416	801067615	50	2	500	1	1	Thinking Process:	thinking process:	"Thinking Process:\n\n1.  **Analyze the Input:**\n    *   User: ""Don't worry about it. Just leave it to the insurance companies.""\n    *   Context: This is a continuation of a dialogue where the user previously stated ""I am sorry for damaging your car, sir."" ("	-38.2036395072937	-38.426239132881165	-3.1836366256078086	-3.202186594406764	12	12	-38.2036395072937	-38.426239132881165	-3.1836366256078086	-3.202186594406764	0.2225996255874633	0.0185499687989549	True	True
just	discourse_particle	23	2141	just	h	I am sorry for damaging your car, sir.	Don't worry about it. Just leave it to the insurance companies.	Don't worry about it. Leave it to the insurance companies.	The car park in this community is over crowded, isn't it?	0.02786302372	P	Don't worry about it. Just leave it to the insurance companies.	nucleus	chat	0.9	1.0	20260416	801067615	50	2	500	10	2	Here's a thinking process that leads to the suggested response:	here's a thinking process that leads to the suggested response:	"Here's a thinking process that leads to the suggested response:\n\n1.  **Analyze the Situation:**\n    *   **Context:** The user is role-playing a scenario where I (the AI) am supposed to be someone who damaged their car.\n    *   **Current Input:** ""Don't worry"	-34.243661403656006	-35.42350876331329	-1.6306505430312384	-1.6868337506339663	21	21	-34.243661403656006	-35.42350876331329	-1.6306505430312384	-1.6868337506339663	1.1798473596572876	0.0561832076027279	True	True
just	discourse_particle	23	2141	just	h	I am sorry for damaging your car, sir.	Don't worry about it. Just leave it to the insurance companies.	Don't worry about it. Leave it to the insurance companies.	The car park in this community is over crowded, isn't it?	0.02786302372	P_prime	Don't worry about it. Leave it to the insurance companies.	nucleus	chat	0.9	1.0	20260416	36060351	50	2	500	1	1	Thinking Process:	thinking process:	"Thinking Process:\n\n1.  **Analyze the Input:**\n    *   User: ""Don't worry about it. Leave it to the insurance companies.""\n    *   Context: This is a continuation of a previous turn where the user (playing the role of the other party or the user is role-playing"	-38.2036395072937	-38.426239132881165	-3.1836366256078086	-3.202186594406764	12	12	-38.426239132881165	-38.2036395072937	-3.202186594406764	-3.1836366256078086	-0.2225996255874633	-0.0185499687989549	False	True
just	discourse_particle	23	2141	just	h	I am sorry for damaging your car, sir.	Don't worry about it. Just leave it to the insurance companies.	Don't worry about it. Leave it to the insurance companies.	The car park in this community is over crowded, isn't it?	0.02786302372	P_prime	Don't worry about it. Leave it to the insurance companies.	nucleus	chat	0.9	1.0	20260416	36060351	50	2	500	3	2	Here's a thinking process that leads to the suggested response:	here's a thinking process that leads to the suggested response:	"Here's a thinking process that leads to the suggested response:\n\n1.  **Analyze the Context:**\n    *   **Speaker A (User):** ""I am sorry for damaging your car, sir."" (Polite, apologetic, assuming the AI is playing the role of the car owner).\n"	-34.243661403656006	-35.42350876331329	-1.6306505430312384	-1.6868337506339663	21	21	-35.42350876331329	-34.243661403656006	-1.6868337506339663	-1.6306505430312384	-1.1798473596572876	-0.0561832076027279	False	True
just	discourse_particle	24	5388	just	h	Hey Mike. What are you doing?__eou__Nothing much. What are you up to?	I was just concerned about Sam. He hasn't been himself lately.	I was concerned about Sam. He hasn't been himself lately.	He took the civil service exam and failed.	0.02709298854	P	I was just concerned about Sam. He hasn't been himself lately.	nucleus	chat	0.9	1.0	20260416	532228211	50	1	500	1	1	Thinking Process:	thinking process:	"Thinking Process:\n\n1.  **Analyze the Request:**\n    *   **User:** ""I was just concerned about Sam. He hasn't been himself lately.""\n    *   **Context:** This is a continuation of a conversation started with ""Hey Mike. What are you doing?"" (Note: I"	-43.934083223342896	-42.62928354740143	-3.6611736019452414	-3.552440295616785	12	12	-43.934083223342896	-42.62928354740143	-3.6611736019452414	-3.552440295616785	-1.3047996759414673	-0.1087333063284559	False	True
just	discourse_particle	24	5388	just	h	Hey Mike. What are you doing?__eou__Nothing much. What are you up to?	I was just concerned about Sam. He hasn't been himself lately.	I was concerned about Sam. He hasn't been himself lately.	He took the civil service exam and failed.	0.02709298854	P_prime	I was concerned about Sam. He hasn't been himself lately.	nucleus	chat	0.9	1.0	20260416	2085446092	50	1	500	1	1	Thinking Process:	thinking process:	"Thinking Process:\n\n1.  **Analyze the Input:**\n    *   User: ""I was concerned about Sam. He hasn't been himself lately.""\n    *   Context: Previous message was ""Hey Mike. What are you doing?"" -> My response was ""Nothing much. What are you up to"	-43.934083223342896	-42.62928354740143	-3.6611736019452414	-3.552440295616785	12	12	-42.62928354740143	-43.934083223342896	-3.552440295616785	-3.6611736019452414	1.3047996759414673	0.1087333063284559	True	True
just	discourse_particle	25	1001	just	h	Hello! Are you shopping here today? Haven't I seen you in some flea markets and thrift shops a couple of times?	I'm just comparing prices.	I'm comparing prices.	You should! This thrift shop is really cheap, though, you have to pay cash here.	0.02709035556	P	I'm just comparing prices.	nucleus	chat	0.9	1.0	20260416	136881677	50	1	500	1	1	Thinking Process:	thinking process:	"Thinking Process:\n\n1.  **Analyze the User's Input:**\n    *   User says: ""I'm just comparing prices.""\n    *   Context: The previous message (from the AI, which is actually a roleplay scenario or a misinterpretation of the AI's identity) was ""Hello"	-38.344993591308594	-39.006457805633545	-3.1954161326090493	-3.250538150469462	12	12	-38.344993591308594	-39.006457805633545	-3.1954161326090493	-3.250538150469462	0.6614642143249512	0.0551220178604126	True	True
just	discourse_particle	25	1001	just	h	Hello! Are you shopping here today? Haven't I seen you in some flea markets and thrift shops a couple of times?	I'm just comparing prices.	I'm comparing prices.	You should! This thrift shop is really cheap, though, you have to pay cash here.	0.02709035556	P_prime	I'm comparing prices.	nucleus	chat	0.9	1.0	20260416	1014733804	50	1	500	1	1	Thinking Process:	thinking process:	"Thinking Process:\n\n1.  **Analyze the Input:**\n    *   User: ""I'm comparing prices.""\n    *   Context: Previous message from the AI (or persona) was: ""Hello! Are you shopping here today? Haven't I seen you in some flea markets and thrift shops a"	-38.344993591308594	-39.006457805633545	-3.1954161326090493	-3.250538150469462	12	12	-39.006457805633545	-38.344993591308594	-3.250538150469462	-3.1954161326090493	-0.6614642143249512	-0.0551220178604126	False	True
just	discourse_particle	26	9687	just	h	Excuse me, here is my claim tag, but I can't find my baggage.__eou__How many pieces of baggage have you lost?	Just one piece.	One piece.	Can you tell me the features of your baggage?	0.02405284207	P	Just one piece.	nucleus	chat	0.9	1.0	20260416	810633653	50	1	500	1	1	Thinking Process:	thinking process:	"Thinking Process:\n\n1.  **Analyze the User's Input:**\n    *   Current context: The user is claiming lost baggage. They've already provided a ""claim tag"" (presumably mentioned earlier or implied in the roleplay/scenario) and stated they can't find their baggage.\n    *"	-30.374852657318115	-30.073670983314518	-2.5312377214431763	-2.506139248609543	12	12	-30.374852657318115	-30.073670983314518	-2.5312377214431763	-2.506139248609543	-0.3011816740036011	-0.0250984728336334	False	True
just	discourse_particle	26	9687	just	h	Excuse me, here is my claim tag, but I can't find my baggage.__eou__How many pieces of baggage have you lost?	Just one piece.	One piece.	Can you tell me the features of your baggage?	0.02405284207	P_prime	One piece.	nucleus	chat	0.9	1.0	20260416	678597113	50	1	500	1	1	Thinking Process:	thinking process:	"Thinking Process:\n\n1.  **Analyze the Request:**\n    *   User's input: ""One piece."" (Responding to my previous question ""How many pieces of baggage have you lost?"")\n    *   Context: The user is at an airport or baggage claim area, has a claim tag"	-30.374852657318115	-30.073670983314518	-2.5312377214431763	-2.506139248609543	12	12	-30.073670983314518	-30.374852657318115	-2.506139248609543	-2.5312377214431763	0.3011816740036011	0.0250984728336334	True	True
just	discourse_particle	27	6768	just	h	Kathy! How are you? It's been ages! What are you doing these days?	I just opened my own restaurant. I'm also head chef.	I opened my own restaurant. I'm also head chef.	You're kidding! You've always hated cooking!	0.02267206632	P	I just opened my own restaurant. I'm also head chef.	nucleus	chat	0.9	1.0	20260416	968832381	50	1	500	1	1	Thinking Process:	thinking process:	"Thinking Process:\n\n1.  **Analyze the Input:**\n    *   User: ""I just opened my own restaurant. I'm also head chef.""\n    *   Context: This follows a previous message from the user (""Kathy! How are you? It's been ages! What are you doing"	-38.53869795799256	-39.062658190727234	-3.211558163166046	-3.255221515893936	12	12	-38.53869795799256	-39.062658190727234	-3.211558163166046	-3.255221515893936	0.5239602327346802	0.04366335272789	True	True
just	discourse_particle	27	6768	just	h	Kathy! How are you? It's been ages! What are you doing these days?	I just opened my own restaurant. I'm also head chef.	I opened my own restaurant. I'm also head chef.	You're kidding! You've always hated cooking!	0.02267206632	P_prime	I opened my own restaurant. I'm also head chef.	nucleus	chat	0.9	1.0	20260416	353114711	50	1	500	1	1	Thinking Process:	thinking process:	"Thinking Process:\n\n1.  **Analyze the Request:**\n    *   **User:** Claims to be ""Kathy"" (implied by the greeting ""Kathy! How are you?"" from the system prompt, though the *user* didn't actually say their name, the *system* started with"	-38.53869795799256	-39.062658190727234	-3.211558163166046	-3.255221515893936	12	12	-39.062658190727234	-38.53869795799256	-3.255221515893936	-3.211558163166046	-0.5239602327346802	-0.04366335272789	False	True
just	discourse_particle	28	12662	just	h	Is everything all right?__eou__Not at all.__eou__What's the problem?	Someone just robbed me.	Someone robbed me.	What do you mean?	0.02180614444	P	Someone just robbed me.	nucleus	chat	0.9	1.0	20260416	1931887884	50	1	500	1	1	Thinking Process:	thinking process:	"Thinking Process:\n\n1.  **Analyze the Input:**\n    *   User's first message: ""Is everything all right?"" (Assistant role)\n    *   User's second message: ""Not at all.""\n    *   User's third message: ""Someone just robbed me.""\n    *"	-33.21209216117859	-33.49340522289276	-2.7676743467648826	-2.79111710190773	12	12	-33.21209216117859	-33.49340522289276	-2.7676743467648826	-2.79111710190773	0.2813130617141723	0.0234427551428475	True	True
just	discourse_particle	28	12662	just	h	Is everything all right?__eou__Not at all.__eou__What's the problem?	Someone just robbed me.	Someone robbed me.	What do you mean?	0.02180614444	P_prime	Someone robbed me.	nucleus	chat	0.9	1.0	20260416	1114928192	50	1	500	1	1	Thinking Process:	thinking process:	"Thinking Process:\n\n1.  **Analyze the User's Input:**\n    *   Current statement: ""Someone robbed me.""\n    *   Context: Previous messages were ""Is everything all right?"" -> ""Not at all."" -> ""What's the problem?""\n    *   Emotion/Tone:"	-33.21209216117859	-33.49340522289276	-2.7676743467648826	-2.79111710190773	12	12	-33.49340522289276	-33.21209216117859	-2.79111710190773	-2.7676743467648826	-0.2813130617141723	-0.0234427551428475	False	True
just	discourse_particle	29	1461	just	h	Operator. May I help you?__eou__Yes. How do I get an outside line, please?	Just dial 0, wait for the dial tone, and then dial the phone number you want to call. Or we can place a call for you, if you want.	Dial 0, wait for the dial tone, and then dial the phone number you want to call. Or we can place a call for you, if you want.	No, thanks a lot. I'll try it myself.	0.01967432211	P	Just dial 0, wait for the dial tone, and then dial the phone number you want to call. Or we can place a call for you, if you want.	nucleus	chat	0.9	1.0	20260416	1233783357	50	1	500	1	1	Thinking Process:	thinking process:	"Thinking Process:\n\n1.  **Analyze the Request:**\n    *   Input: A dialogue snippet.\n    *   Context: A person (likely the user's persona) is speaking as an Operator.\n    *   Current Speaker: ""Operator. May I help you?"" (Previous turn).\n"	-30.283878684043884	-29.10039746761322	-2.523656557003657	-2.4250331223011017	12	12	-30.283878684043884	-29.10039746761322	-2.523656557003657	-2.4250331223011017	-1.183481216430664	-0.0986234347025551	False	True
just	discourse_particle	29	1461	just	h	Operator. May I help you?__eou__Yes. How do I get an outside line, please?	Just dial 0, wait for the dial tone, and then dial the phone number you want to call. Or we can place a call for you, if you want.	Dial 0, wait for the dial tone, and then dial the phone number you want to call. Or we can place a call for you, if you want.	No, thanks a lot. I'll try it myself.	0.01967432211	P_prime	Dial 0, wait for the dial tone, and then dial the phone number you want to call. Or we can place a call for you, if you want.	nucleus	chat	0.9	1.0	20260416	989185915	50	1	500	1	1	Thinking Process:	thinking process:	"Thinking Process:\n\n1.  **Analyze the Input:**\n    *   User's role: Switchboard Operator (based on the previous turn ""Operator. May I help you?"").\n    *   Assistant's role: Person calling (based on the previous turn ""Yes. How do I get an outside"	-30.283878684043884	-29.10039746761322	-2.523656557003657	-2.4250331223011017	12	12	-29.10039746761322	-30.283878684043884	-2.4250331223011017	-2.523656557003657	1.183481216430664	0.0986234347025551	True	True
just	discourse_particle	30	10555	just	h	Has everything been OK with you lately?__eou__I haven’t been able to get a good night’s sleep lately. I’m exhausted!__eou__Have you been too busy to get enough sleep?	I try to go to sleep, but I just can’t stay asleep.	I try to go to sleep, but I can’t stay asleep.	How late do you try to go to sleep?	0.0194706054	P	I try to go to sleep, but I just can’t stay asleep.	nucleus	chat	0.9	1.0	20260416	2077941126	50	1	500	1	1	Thinking Process:	thinking process:	"Thinking Process:\n\n1.  **Analyze the User's Input:**\n    *   Current statement: ""I try to go to sleep, but I just can’t stay asleep.""\n    *   Context: Previous turn established the user is exhausted and hasn't been getting a good night's sleep. They mentioned"	-39.34567749500275	-39.4608952999115	-3.2788064579168954	-3.288407941659292	12	12	-39.34567749500275	-39.4608952999115	-3.2788064579168954	-3.288407941659292	0.1152178049087524	0.0096014837423963	True	True
just	discourse_particle	30	10555	just	h	Has everything been OK with you lately?__eou__I haven’t been able to get a good night’s sleep lately. I’m exhausted!__eou__Have you been too busy to get enough sleep?	I try to go to sleep, but I just can’t stay asleep.	I try to go to sleep, but I can’t stay asleep.	How late do you try to go to sleep?	0.0194706054	P_prime	I try to go to sleep, but I can’t stay asleep.	nucleus	chat	0.9	1.0	20260416	2092171720	50	1	500	1	1	Thinking Process:	thinking process:	"Thinking Process:\n\n1.  **Analyze the User's Input:**\n    *   Current statement: ""I try to go to sleep, but I can’t stay asleep.""\n    *   Context: Previous messages indicate the user is having sleep difficulties (trouble staying asleep) and feels exhausted.\n   "	-39.34567749500275	-39.4608952999115	-3.2788064579168954	-3.288407941659292	12	12	-39.4608952999115	-39.34567749500275	-3.288407941659292	-3.2788064579168954	-0.1152178049087524	-0.0096014837423963	False	True
just	discourse_particle	31	2164	just	h	I love breathing fresh air in the suburb places, while sitting in the morning sunshine.__eou__I can't agree more, honey. We need to get away from work from time to time.	Yeah, just return to nature and feel the thrills of its beauty.	Yeah, return to nature and feel the thrills of its beauty.	We are nor alone here. So many other families!	0.01945697337	P	Yeah, just return to nature and feel the thrills of its beauty.	nucleus	chat	0.9	1.0	20260416	960709906	50	1	500	1	1	Thinking Process:	thinking process:	Thinking Process:\n\n1.  **Analyze the User's Input:**\n    *   **Context:** The user is sharing their appreciation for nature, specifically breathing fresh air in suburbs, sitting in morning sunshine, and returning to nature to feel its beauty.\n    *   **Tone:** Reflective, apprec	-40.5768678188324	-41.849865555763245	-3.3814056515693665	-3.487488796313604	12	12	-40.5768678188324	-41.849865555763245	-3.3814056515693665	-3.487488796313604	1.2729977369308472	0.1060831447442374	True	True
just	discourse_particle	31	2164	just	h	I love breathing fresh air in the suburb places, while sitting in the morning sunshine.__eou__I can't agree more, honey. We need to get away from work from time to time.	Yeah, just return to nature and feel the thrills of its beauty.	Yeah, return to nature and feel the thrills of its beauty.	We are nor alone here. So many other families!	0.01945697337	P_prime	Yeah, return to nature and feel the thrills of its beauty.	nucleus	chat	0.9	1.0	20260416	590201888	50	1	500	1	1	Thinking Process:	thinking process:	"Thinking Process:\n\n1.  **Analyze the User's Input:**\n    *   Statement: ""Yeah, return to nature and feel the thrills of its beauty.""\n    *   Tone: Agreeable, reflective, appreciative of nature.\n    *   Context: Continuing a conversation about enjoying fresh"	-40.5768678188324	-41.849865555763245	-3.3814056515693665	-3.487488796313604	12	12	-41.849865555763245	-40.5768678188324	-3.487488796313604	-3.3814056515693665	-1.2729977369308472	-0.1060831447442374	False	True
just	discourse_particle	32	6675	just	h	I think modern painting means nothing.	I think so too. It's just pointless.	I think so too. It's pointless.	Then why are so many guys so crazy about it?	0.01945145069	P	I think so too. It's just pointless.	nucleus	chat	0.9	1.0	20260416	1533082668	50	2	500	1	1	Here's a thinking process that leads to the suggested response:	here's a thinking process that leads to the suggested response:	"Here's a thinking process that leads to the suggested response:\n\n1.  **Analyze the User's Input:**\n    *   **Statement:** ""I think so too. It's just pointless.""\n    *   **Context:** Previous turn was ""I think modern painting means nothing.""\n    *  "	-33.29277539253235	-33.237810373306274	-1.5853702567872547	-1.5827528749193465	21	21	-33.29277539253235	-33.237810373306274	-1.5853702567872547	-1.5827528749193465	-0.0549650192260742	-0.0026173818679082	False	True
just	discourse_particle	32	6675	just	h	I think modern painting means nothing.	I think so too. It's just pointless.	I think so too. It's pointless.	Then why are so many guys so crazy about it?	0.01945145069	P	I think so too. It's just pointless.	nucleus	chat	0.9	1.0	20260416	1533082668	50	2	500	2	2	Thinking Process:	thinking process:	"Thinking Process:\n\n1.  **Analyze the User's Input:**\n    *   Statement: ""I think so too. It's just pointless.""\n    *   Context: This follows my previous (hypothetical) statement: ""I think modern painting means nothing."" (Note: As an AI,"	-42.44209897518158	-41.86188864707947	-3.5368415812651315	-3.488490720589956	12	12	-42.44209897518158	-41.86188864707947	-3.5368415812651315	-3.488490720589956	-0.5802103281021118	-0.0483508606751756	False	True
just	discourse_particle	32	6675	just	h	I think modern painting means nothing.	I think so too. It's just pointless.	I think so too. It's pointless.	Then why are so many guys so crazy about it?	0.01945145069	P_prime	I think so too. It's pointless.	nucleus	chat	0.9	1.0	20260416	429789356	50	2	500	1	1	Here's a thinking process that leads to the suggested response:	here's a thinking process that leads to the suggested response:	"Here's a thinking process that leads to the suggested response:\n\n1.  **Analyze the User's Input:**\n    *   **Statement:** ""I think so too. It's pointless.""\n    *   **Context:** This follows a previous statement from the user (""I think modern painting means nothing."")."	-33.29277539253235	-33.237810373306274	-1.5853702567872547	-1.5827528749193465	21	21	-33.237810373306274	-33.29277539253235	-1.5827528749193465	-1.5853702567872547	0.0549650192260742	0.0026173818679082	True	True
just	discourse_particle	32	6675	just	h	I think modern painting means nothing.	I think so too. It's just pointless.	I think so too. It's pointless.	Then why are so many guys so crazy about it?	0.01945145069	P_prime	I think so too. It's pointless.	nucleus	chat	0.9	1.0	20260416	429789356	50	2	500	8	2	Thinking Process:	thinking process:	"Thinking Process:\n\n1.  **Analyze the User's Statement:**\n    *   **Statement:** ""I think so too. It's pointless.""\n    *   **Context:** The user is agreeing with my previous (implied) statement or responding to a prompt about modern painting. Wait, looking back"	-42.44209897518158	-41.86188864707947	-3.5368415812651315	-3.488490720589956	12	12	-41.86188864707947	-42.44209897518158	-3.488490720589956	-3.5368415812651315	0.5802103281021118	0.0483508606751756	True	True
just	discourse_particle	33	8011	just	h	I can't believe it! I lost.__eou__It looks like you have to buy tickets for us, Jason. And we're not going to see an action movie!__eou__That's not fair, you got all the easy questions.	I guess that's just the luck of the draw.	I guess that's the luck of the draw.	I want a rematch. Let's play again.	0.01936019031	P	I guess that's just the luck of the draw.	nucleus	chat	0.9	1.0	20260416	238562493	50	1	500	1	1	Thinking Process:	thinking process:	"Thinking Process:\n\n1.  **Analyze the Request:**\n    *   Input: A series of short dialogue snippets.\n    *   Context: It looks like a role-play or a script where the user is playing one character (or multiple) and I am playing another (likely ""Jason"").\n   "	-35.44183361530304	-35.762301087379456	-2.9534861346085868	-2.980191757281621	12	12	-35.44183361530304	-35.762301087379456	-2.9534861346085868	-2.980191757281621	0.320467472076416	0.0267056226730346	True	True
just	discourse_particle	33	8011	just	h	I can't believe it! I lost.__eou__It looks like you have to buy tickets for us, Jason. And we're not going to see an action movie!__eou__That's not fair, you got all the easy questions.	I guess that's just the luck of the draw.	I guess that's the luck of the draw.	I want a rematch. Let's play again.	0.01936019031	P_prime	I guess that's the luck of the draw.	nucleus	chat	0.9	1.0	20260416	285613038	50	1	500	1	1	Thinking Process:	thinking process:	"Thinking Process:\n\n1.  **Analyze the Request:**\n    *   Input: A conversation snippet.\n    *   User's last message: ""I guess that's the luck of the draw.""\n    *   Context: The previous messages suggest a playful, slightly competitive scenario.\n        *  "	-35.44183361530304	-35.762301087379456	-2.9534861346085868	-2.980191757281621	12	12	-35.762301087379456	-35.44183361530304	-2.980191757281621	-2.9534861346085868	-0.320467472076416	-0.0267056226730346	False	True
just	discourse_particle	34	3966	just	h	Daniel, would you like to have a look at my dorm?__eou__Of course, I'd like to.	It is a small room, just for 4 people.	It is a small room, for 4 people.	What is in it?	0.01921202135	P	It is a small room, just for 4 people.	nucleus	chat	0.9	1.0	20260416	388198187	50	1	500	1	1	Thinking Process:	thinking process:	Thinking Process:\n\n1.  **Analyze the Input:**\n    *   Current speaker: The user (implied to be the roommate/friend inviting Daniel).\n    *   Previous speaker: I (acting as Daniel).\n    *   Context: The user is inviting me (Daniel) to see their	-35.601242780685425	-37.38682794570923	-2.9667702317237854	-3.115568995475769	12	12	-35.601242780685425	-37.38682794570923	-2.9667702317237854	-3.115568995475769	1.7855851650238037	0.1487987637519836	True	True
just	discourse_particle	34	3966	just	h	Daniel, would you like to have a look at my dorm?__eou__Of course, I'd like to.	It is a small room, just for 4 people.	It is a small room, for 4 people.	What is in it?	0.01921202135	P_prime	It is a small room, for 4 people.	nucleus	chat	0.9	1.0	20260416	1968882344	50	1	500	1	1	Thinking Process:	thinking process:	"Thinking Process:\n\n1.  **Analyze the Request:**\n    *   Input: ""It is a small room, for 4 people.""\n    *   Context: A conversation where the user (presumably a person named Daniel, based on the first prompt ""Daniel, would you like..."") is"	-35.601242780685425	-37.38682794570923	-2.9667702317237854	-3.115568995475769	12	12	-37.38682794570923	-35.601242780685425	-3.115568995475769	-2.9667702317237854	-1.7855851650238037	-0.1487987637519836	False	True
just	discourse_particle	35	2438	just	h	OK, so are you ready to learn how to bake a cake?	Almost, let me just put my apron on.	Almost, let me put my apron on.	OK, so the first thing we are going to do is pre-heat the oven, that way we have it at the desired temperature once we finish preparing everything. Set it to three hundred and seventy five degrees Fahrenheit.	0.0110856564	P	Almost, let me just put my apron on.	nucleus	chat	0.9	1.0	20260416	1507299598	50	1	500	1	1	Thinking Process:	thinking process:	"Thinking Process:\n\n1.  **Analyze the User's Input:**\n    *   User says: ""Almost, let me just put my apron on.""\n    *   Context: Previous message from me was ""OK, so are you ready to learn how to bake a cake?""\n    *  "	-34.842379331588745	-34.82194721698761	-2.9035316109657288	-2.901828934748968	12	12	-34.842379331588745	-34.82194721698761	-2.9035316109657288	-2.901828934748968	-0.0204321146011352	-0.0017026762167611	False	True
just	discourse_particle	35	2438	just	h	OK, so are you ready to learn how to bake a cake?	Almost, let me just put my apron on.	Almost, let me put my apron on.	OK, so the first thing we are going to do is pre-heat the oven, that way we have it at the desired temperature once we finish preparing everything. Set it to three hundred and seventy five degrees Fahrenheit.	0.0110856564	P_prime	Almost, let me put my apron on.	nucleus	chat	0.9	1.0	20260416	279217236	50	1	500	1	1	Thinking Process:	thinking process:	"Thinking Process:\n\n1.  **Analyze the User's Input:**\n    *   Statement: ""Almost, let me put my apron on.""\n    *   Context: The previous turn was the AI asking, ""OK, so are you ready to learn how to bake a cake?""\n    *"	-34.842379331588745	-34.82194721698761	-2.9035316109657288	-2.901828934748968	12	12	-34.82194721698761	-34.842379331588745	-2.901828934748968	-2.9035316109657288	0.0204321146011352	0.0017026762167611	True	True
just	discourse_particle	36	3236	just	h	Can I help you?__eou__I'd like the double cheese burger meal, please.__eou__What kind of drink would you like with that?	Just coke will be fine.	Coke will be fine.	Would you like a super size meal? Only 2 RIB more, you'll get large coke and fries instead of medium. And today we are offering free toys all the meal boxes.	0.01050724578	P	Just coke will be fine.	nucleus	chat	0.9	1.0	20260416	128170482	50	1	500	1	1	Thinking Process:	thinking process:	"Thinking Process:\n\n1.  **Analyze the Request:**\n    *   User's initial input: ""Can I help you?"" (Wait, the user *said* ""Can I help you?"" initially, which is unusual for a customer. Usually, the AI or service asks. But looking at the conversation"	-32.74258863925934	-32.0445613861084	-2.728549053271612	-2.670380115509033	12	12	-32.74258863925934	-32.0445613861084	-2.728549053271612	-2.670380115509033	-0.6980272531509399	-0.0581689377625784	False	True
just	discourse_particle	36	3236	just	h	Can I help you?__eou__I'd like the double cheese burger meal, please.__eou__What kind of drink would you like with that?	Just coke will be fine.	Coke will be fine.	Would you like a super size meal? Only 2 RIB more, you'll get large coke and fries instead of medium. And today we are offering free toys all the meal boxes.	0.01050724578	P_prime	Coke will be fine.	nucleus	chat	0.9	1.0	20260416	439365845	50	1	500	1	1	Thinking Process:	thinking process:	"Thinking Process:\n\n1.  **Analyze the Request:** The user is placing an order in a simulated conversation. They've requested a ""double cheese burger meal"" and then settled on ""Coke"" for the drink.\n\n2.  **Determine the Role:** I am acting as a customer service representative"	-32.74258863925934	-32.0445613861084	-2.728549053271612	-2.670380115509033	12	12	-32.0445613861084	-32.74258863925934	-2.670380115509033	-2.728549053271612	0.6980272531509399	0.0581689377625784	True	True
just	discourse_particle	37	1907	just	h	How was your morning jog?__eou__Very good. I feel quite refreshed now! You should come with me sometime - exercise is good for you!__eou__To be honest, I’d rather watch television! Where did you go?	I just ran alongside the main road.	I ran alongside the main road.	Oh you ought to go to the park next time. They have a route for joggers there.	0.01045426787	P	I just ran alongside the main road.	nucleus	chat	0.9	1.0	20260416	2112394367	50	1	500	1	1	Thinking Process:	thinking process:	"Thinking Process:\n\n1.  **Analyze the User's Input:**\n    *   Statement: ""I just ran alongside the main road.""\n    *   Context: The user previously asked about my morning jog (joke/trick), and I responded that I prefer watching television (breaking character/persona as"	-34.74133622646332	-34.99728262424469	-2.8951113522052765	-2.916440218687057	12	12	-34.74133622646332	-34.99728262424469	-2.8951113522052765	-2.916440218687057	0.255946397781372	0.021328866481781	True	True
just	discourse_particle	37	1907	just	h	How was your morning jog?__eou__Very good. I feel quite refreshed now! You should come with me sometime - exercise is good for you!__eou__To be honest, I’d rather watch television! Where did you go?	I just ran alongside the main road.	I ran alongside the main road.	Oh you ought to go to the park next time. They have a route for joggers there.	0.01045426787	P_prime	I ran alongside the main road.	nucleus	chat	0.9	1.0	20260416	494992246	50	1	500	1	1	Thinking Process:	thinking process:	"Thinking Process:\n\n1.  **Analyze the User's Input:**\n    *   User says: ""I ran alongside the main road.""\n    *   Context: Previous turn involved the user asking me to join them for a jog (which I declined), and now they are describing where they ran.\n"	-34.74133622646332	-34.99728262424469	-2.8951113522052765	-2.916440218687057	12	12	-34.99728262424469	-34.74133622646332	-2.916440218687057	-2.8951113522052765	-0.255946397781372	-0.021328866481781	False	True
just	discourse_particle	38	2717	just	h	Hmm. Not bad. I think I look younger with shorter hair.__eou__Yes, you do. The Hot Cap is back here in the corner. I think we're ready to put the curlers in. What kind of perm would you like?	I just want a light wave. I look really silly if my hair is too curly.	I want a light wave. I look really silly if my hair is too curly.	All right. What if we leave your bangs straight and just perm the sides and back?	0.01031345776	P	I just want a light wave. I look really silly if my hair is too curly.	nucleus	chat	0.9	1.0	20260416	1143903539	50	1	500	1	1	Thinking Process:	thinking process:	"Thinking Process:\n\n1.  **Analyze the User's Input:**\n    *   Statement: ""I just want a light wave. I look really silly if my hair is too curly.""\n    *   Context: The previous message established a scenario where the user is visiting a hair salon/barbershop ("	-34.21117603778839	-33.98562836647034	-2.850931336482366	-2.8321356972058616	12	12	-34.21117603778839	-33.98562836647034	-2.850931336482366	-2.8321356972058616	-0.2255476713180542	-0.0187956392765045	False	True
just	discourse_particle	38	2717	just	h	Hmm. Not bad. I think I look younger with shorter hair.__eou__Yes, you do. The Hot Cap is back here in the corner. I think we're ready to put the curlers in. What kind of perm would you like?	I just want a light wave. I look really silly if my hair is too curly.	I want a light wave. I look really silly if my hair is too curly.	All right. What if we leave your bangs straight and just perm the sides and back?	0.01031345776	P_prime	I want a light wave. I look really silly if my hair is too curly.	nucleus	chat	0.9	1.0	20260416	847039693	50	1	500	1	1	Thinking Process:	thinking process:	Thinking Process:\n\n1.  **Analyze the User's Input:**\n    *   **Context:** The previous turn established a roleplay scenario where the AI (or the AI's persona) is acting as a hairdresser/barber. The user agreed they look younger with shorter hair and are now considering a	-34.21117603778839	-33.98562836647034	-2.850931336482366	-2.8321356972058616	12	12	-33.98562836647034	-34.21117603778839	-2.8321356972058616	-2.850931336482366	0.2255476713180542	0.0187956392765045	True	True
just	discourse_particle	39	4722	just	h	Are you alright, Ethan? You don't seem to be as cheerful as you normally are.	To be honest, Ava, I've just had a really bad day.	To be honest, Ava, I've had a really bad day.	What happened?	0.01020442507	P	To be honest, Ava, I've just had a really bad day.	nucleus	chat	0.9	1.0	20260416	1676865323	50	1	500	1	1	Thinking Process:	thinking process:	Thinking Process:\n\n1.  **Analyze the Input:**\n    *   **User:** Ethan (implied by the assistant's initial question).\n    *   **Assistant:** Ava (implied by the user's response to the assistant's question).\n    *   **Context:** The assistant (A	-39.698084592819214	-39.08043348789215	-3.308173716068268	-3.256702790657679	12	12	-39.698084592819214	-39.08043348789215	-3.308173716068268	-3.256702790657679	-0.617651104927063	-0.0514709254105887	False	True
just	discourse_particle	39	4722	just	h	Are you alright, Ethan? You don't seem to be as cheerful as you normally are.	To be honest, Ava, I've just had a really bad day.	To be honest, Ava, I've had a really bad day.	What happened?	0.01020442507	P_prime	To be honest, Ava, I've had a really bad day.	nucleus	chat	0.9	1.0	20260416	1885076041	50	1	500	1	1	Thinking Process:	thinking process:	Thinking Process:\n\n1.  **Analyze the Request:**\n    *   **User:** Ethan (roleplayed as the user).\n    *   **AI:** Ava (roleplayed as the assistant/persona).\n    *   **Context:** Ethan is feeling down, had a bad day.\n   	-39.698084592819214	-39.08043348789215	-3.308173716068268	-3.256702790657679	12	12	-39.08043348789215	-39.698084592819214	-3.256702790657679	-3.308173716068268	0.617651104927063	0.0514709254105887	True	True
